-- The C compiler identification is GNU 11.4.0
-- The CXX compiler identification is GNU 11.4.0
-- Detecting C compiler ABI info
-- Detecting C compiler ABI info - done
-- Check for working C compiler: /usr/bin/cc - skipped
-- Detecting C compile features
-- Detecting C compile features - done
-- Detecting CXX compiler ABI info
-- Detecting CXX compiler ABI info - done
-- Check for working CXX compiler: /usr/bin/c++ - skipped
-- Detecting CXX compile features
-- Detecting CXX compile features - done
-- Found ament_cmake: 1.3.14 (/opt/ros/humble/share/ament_cmake/cmake)
-- Found Python3: /usr/bin/python3 (found version "3.10.12") found components: Interpreter 
-- Override CMake install command with custom implementation using symlinks instead of copying resources
-- Found rclcpp: 16.0.19 (/opt/ros/humble/share/rclcpp/cmake)
-- Found rosidl_generator_c: 3.1.8 (/opt/ros/humble/share/rosidl_generator_c/cmake)
-- Found rosidl_adapter: 3.1.8 (/opt/ros/humble/share/rosidl_adapter/cmake)
-- Found rosidl_generator_cpp: 3.1.8 (/opt/ros/humble/share/rosidl_generator_cpp/cmake)
-- Using all available rosidl_typesupport_c: rosidl_typesupport_fastrtps_c;rosidl_typesupport_introspection_c
-- Using all available rosidl_typesupport_cpp: rosidl_typesupport_fastrtps_cpp;rosidl_typesupport_introspection_cpp
-- Found rmw_implementation_cmake: 6.1.2 (/opt/ros/humble/share/rmw_implementation_cmake/cmake)
-- Found rmw_fastrtps_cpp: 6.2.10 (/opt/ros/humble/share/rmw_fastrtps_cpp/cmake)
-- Found OpenSSL: /usr/lib/aarch64-linux-gnu/libcrypto.so (found version "3.0.2")  
-- Found FastRTPS: /opt/ros/humble/include  
-- Using RMW implementation 'rmw_fastrtps_cpp' as default
-- Looking for pthread.h
-- Looking for pthread.h - found
-- Performing Test CMAKE_HAVE_LIBC_PTHREAD
-- Performing Test CMAKE_HAVE_LIBC_PTHREAD - Success
-- Found Threads: TRUE  
-- Found rosidl_default_generators: 1.2.1 (/opt/ros/humble/share/rosidl_default_generators/cmake)
-- Found ament_cmake_ros: 0.10.0 (/opt/ros/humble/share/ament_cmake_ros/cmake)
-- Using all available rosidl_typesupport_c: rosidl_typesupport_fastrtps_c;rosidl_typesupport_introspection_c
-- Using all available rosidl_typesupport_cpp: rosidl_typesupport_fastrtps_cpp;rosidl_typesupport_introspection_cpp
-- Found PythonInterp: /usr/bin/python3 (found suitable version "3.10.12", minimum required is "3.6") 
-- Found python_cmake_module: 0.10.0 (/opt/ros/humble/share/python_cmake_module/cmake)
-- Found PythonLibs: /usr/lib/aarch64-linux-gnu/libpython3.10.so (found suitable version "3.10.12", minimum required is "3.5") 
-- Using PYTHON_EXECUTABLE: /usr/bin/python3
-- Using PYTHON_INCLUDE_DIRS: /usr/include/python3.10
-- Using PYTHON_LIBRARIES: /usr/lib/aarch64-linux-gnu/libpython3.10.so
-- Found PythonExtra: .so  
-- Configuring done
-- Generating done
-- Build files have been written to: /workspace/project/.docker/ros2_build/booster_interface
[  0%] Generating C code for ROS interfaces
[  1%] Generating Rust code for ROS interfaces
[  1%] Built target ament_cmake_python_symlink_booster_interface
[  1%] Generating C++ code for ROS interfaces
running egg_info
creating booster_interface.egg-info
writing booster_interface.egg-info/PKG-INFO
writing dependency_links to booster_interface.egg-info/dependency_links.txt
writing top-level names to booster_interface.egg-info/top_level.txt
writing manifest file 'booster_interface.egg-info/SOURCES.txt'
reading manifest file 'booster_interface.egg-info/SOURCES.txt'
writing manifest file 'booster_interface.egg-info/SOURCES.txt'
[  1%] Built target ament_cmake_python_build_booster_interface_egg
[  1%] Built target booster_interface__rs
[  1%] Built target booster_interface__cpp
[  4%] Generating C++ type support for eProsima Fast-RTPS
[  4%] Generating C++ type support dispatch for ROS interfaces
[  4%] Generating C++ introspection for ROS interfaces
[  5%] Building C object CMakeFiles/booster_interface__rosidl_generator_c.dir/rosidl_generator_c/booster_interface/msg/detail/booster_api_req_msg__functions.c.o
[  5%] Building C object CMakeFiles/booster_interface__rosidl_generator_c.dir/rosidl_generator_c/booster_interface/msg/detail/booster_api_resp_msg__functions.c.o
[  6%] Building C object CMakeFiles/booster_interface__rosidl_generator_c.dir/rosidl_generator_c/booster_interface/msg/detail/motor_state__functions.c.o
[  6%] Building C object CMakeFiles/booster_interface__rosidl_generator_c.dir/rosidl_generator_c/booster_interface/msg/detail/motor_cmd__functions.c.o
[  7%] Building C object CMakeFiles/booster_interface__rosidl_generator_c.dir/rosidl_generator_c/booster_interface/msg/detail/button_event_msg__functions.c.o
[  7%] Building C object CMakeFiles/booster_interface__rosidl_generator_c.dir/rosidl_generator_c/booster_interface/msg/detail/low_cmd__functions.c.o
[  8%] Building C object CMakeFiles/booster_interface__rosidl_generator_c.dir/rosidl_generator_c/booster_interface/msg/detail/imu_state__functions.c.o
[  8%] Building C object CMakeFiles/booster_interface__rosidl_generator_c.dir/rosidl_generator_c/booster_interface/msg/detail/low_state__functions.c.o
[  9%] Building C object CMakeFiles/booster_interface__rosidl_generator_c.dir/rosidl_generator_c/booster_interface/msg/detail/raw_bytes_msg__functions.c.o
[  9%] Building C object CMakeFiles/booster_interface__rosidl_generator_c.dir/rosidl_generator_c/booster_interface/msg/detail/odometer__functions.c.o
[ 10%] Building C object CMakeFiles/booster_interface__rosidl_generator_c.dir/rosidl_generator_c/booster_interface/msg/detail/remote_controller_state__functions.c.o
[ 10%] Building C object CMakeFiles/booster_interface__rosidl_generator_c.dir/rosidl_generator_c/booster_interface/msg/detail/fall_down_state__functions.c.o
[ 11%] Building C object CMakeFiles/booster_interface__rosidl_generator_c.dir/rosidl_generator_c/booster_interface/msg/detail/hand_dds_msg__functions.c.o
[ 11%] Building C object CMakeFiles/booster_interface__rosidl_generator_c.dir/rosidl_generator_c/booster_interface/msg/detail/hand_command__functions.c.o
[ 12%] Building C object CMakeFiles/booster_interface__rosidl_generator_c.dir/rosidl_generator_c/booster_interface/msg/detail/hand_param__functions.c.o
[ 12%] Building C object CMakeFiles/booster_interface__rosidl_generator_c.dir/rosidl_generator_c/booster_interface/msg/detail/prone_body_control_status__functions.c.o
[ 13%] Building C object CMakeFiles/booster_interface__rosidl_generator_c.dir/rosidl_generator_c/booster_interface/msg/detail/robot_states_msg__functions.c.o
[ 13%] Building C object CMakeFiles/booster_interface__rosidl_generator_c.dir/rosidl_generator_c/booster_interface/msg/detail/robot_replay_traj_id__functions.c.o
[ 14%] Building C object CMakeFiles/booster_interface__rosidl_generator_c.dir/rosidl_generator_c/booster_interface/msg/detail/subtitle__functions.c.o
[ 14%] Building C object CMakeFiles/booster_interface__rosidl_generator_c.dir/rosidl_generator_c/booster_interface/srv/detail/rpc_service__functions.c.o
[ 15%] Building C object CMakeFiles/booster_interface__rosidl_generator_c.dir/rosidl_generator_c/booster_interface/srv/detail/agent_service__functions.c.o
[ 16%] Linking C shared library libbooster_interface__rosidl_generator_c.so
[ 16%] Built target booster_interface__rosidl_generator_c
[ 18%] Generating C type support for eProsima Fast-RTPS
[ 18%] Generating C type support dispatch for ROS interfaces
[ 19%] Generating C introspection for ROS interfaces
[ 20%] Building CXX object CMakeFiles/booster_interface__rosidl_typesupport_cpp.dir/rosidl_typesupport_cpp/booster_interface/msg/booster_api_req_msg__type_support.cpp.o
[ 20%] Building CXX object CMakeFiles/booster_interface__rosidl_typesupport_cpp.dir/rosidl_typesupport_cpp/booster_interface/msg/booster_api_resp_msg__type_support.cpp.o
[ 20%] Building CXX object CMakeFiles/booster_interface__rosidl_typesupport_cpp.dir/rosidl_typesupport_cpp/booster_interface/msg/button_event_msg__type_support.cpp.o
[ 21%] Building CXX object CMakeFiles/booster_interface__rosidl_typesupport_cpp.dir/rosidl_typesupport_cpp/booster_interface/msg/motor_state__type_support.cpp.o
[ 21%] Building CXX object CMakeFiles/booster_interface__rosidl_typesupport_cpp.dir/rosidl_typesupport_cpp/booster_interface/msg/motor_cmd__type_support.cpp.o
[ 22%] Building CXX object CMakeFiles/booster_interface__rosidl_typesupport_cpp.dir/rosidl_typesupport_cpp/booster_interface/msg/low_cmd__type_support.cpp.o
[ 22%] Building CXX object CMakeFiles/booster_interface__rosidl_typesupport_introspection_cpp.dir/rosidl_typesupport_introspection_cpp/booster_interface/msg/detail/booster_api_req_msg__type_support.cpp.o
[ 22%] Building CXX object CMakeFiles/booster_interface__rosidl_typesupport_fastrtps_cpp.dir/rosidl_typesupport_fastrtps_cpp/booster_interface/msg/detail/dds_fastrtps/booster_api_req_msg__type_support.cpp.o
[ 22%] Building CXX object CMakeFiles/booster_interface__rosidl_typesupport_c.dir/rosidl_typesupport_c/booster_interface/msg/booster_api_req_msg__type_support.cpp.o
[ 23%] Building CXX object CMakeFiles/booster_interface__rosidl_typesupport_c.dir/rosidl_typesupport_c/booster_interface/msg/booster_api_resp_msg__type_support.cpp.o
[ 23%] Building CXX object CMakeFiles/booster_interface__rosidl_typesupport_c.dir/rosidl_typesupport_c/booster_interface/msg/button_event_msg__type_support.cpp.o
[ 25%] Building CXX object CMakeFiles/booster_interface__rosidl_typesupport_introspection_cpp.dir/rosidl_typesupport_introspection_cpp/booster_interface/msg/detail/booster_api_resp_msg__type_support.cpp.o
[ 25%] Building CXX object CMakeFiles/booster_interface__rosidl_typesupport_fastrtps_cpp.dir/rosidl_typesupport_fastrtps_cpp/booster_interface/msg/detail/dds_fastrtps/booster_api_resp_msg__type_support.cpp.o
[ 26%] Building CXX object CMakeFiles/booster_interface__rosidl_typesupport_c.dir/rosidl_typesupport_c/booster_interface/msg/motor_state__type_support.cpp.o
[ 26%] Building CXX object CMakeFiles/booster_interface__rosidl_typesupport_cpp.dir/rosidl_typesupport_cpp/booster_interface/msg/imu_state__type_support.cpp.o
[ 26%] Building CXX object CMakeFiles/booster_interface__rosidl_typesupport_c.dir/rosidl_typesupport_c/booster_interface/msg/motor_cmd__type_support.cpp.o
[ 27%] Building CXX object CMakeFiles/booster_interface__rosidl_typesupport_c.dir/rosidl_typesupport_c/booster_interface/msg/low_cmd__type_support.cpp.o
[ 27%] Building CXX object CMakeFiles/booster_interface__rosidl_typesupport_c.dir/rosidl_typesupport_c/booster_interface/msg/imu_state__type_support.cpp.o
[ 27%] Building C object CMakeFiles/booster_interface__rosidl_typesupport_introspection_c.dir/rosidl_typesupport_introspection_c/booster_interface/msg/detail/booster_api_req_msg__type_support.c.o
[ 28%] Building CXX object CMakeFiles/booster_interface__rosidl_typesupport_c.dir/rosidl_typesupport_c/booster_interface/msg/low_state__type_support.cpp.o
[ 28%] Building CXX object CMakeFiles/booster_interface__rosidl_typesupport_c.dir/rosidl_typesupport_c/booster_interface/msg/raw_bytes_msg__type_support.cpp.o
[ 30%] Building C object CMakeFiles/booster_interface__rosidl_typesupport_introspection_c.dir/rosidl_typesupport_introspection_c/booster_interface/msg/detail/booster_api_resp_msg__type_support.c.o
[ 30%] Building CXX object CMakeFiles/booster_interface__rosidl_typesupport_cpp.dir/rosidl_typesupport_cpp/booster_interface/msg/low_state__type_support.cpp.o
[ 30%] Building CXX object CMakeFiles/booster_interface__rosidl_typesupport_fastrtps_c.dir/rosidl_typesupport_fastrtps_c/booster_interface/msg/detail/booster_api_req_msg__type_support_c.cpp.o
[ 31%] Building CXX object CMakeFiles/booster_interface__rosidl_typesupport_c.dir/rosidl_typesupport_c/booster_interface/msg/odometer__type_support.cpp.o
[ 31%] Building CXX object CMakeFiles/booster_interface__rosidl_typesupport_cpp.dir/rosidl_typesupport_cpp/booster_interface/msg/raw_bytes_msg__type_support.cpp.o
[ 31%] Building CXX object CMakeFiles/booster_interface__rosidl_typesupport_c.dir/rosidl_typesupport_c/booster_interface/msg/fall_down_state__type_support.cpp.o
[ 32%] Building CXX object CMakeFiles/booster_interface__rosidl_typesupport_cpp.dir/rosidl_typesupport_cpp/booster_interface/msg/odometer__type_support.cpp.o
[ 32%] Building C object CMakeFiles/booster_interface__rosidl_typesupport_introspection_c.dir/rosidl_typesupport_introspection_c/booster_interface/msg/detail/button_event_msg__type_support.c.o
[ 33%] Building CXX object CMakeFiles/booster_interface__rosidl_typesupport_c.dir/rosidl_typesupport_c/booster_interface/msg/remote_controller_state__type_support.cpp.o
[ 34%] Building C object CMakeFiles/booster_interface__rosidl_typesupport_introspection_c.dir/rosidl_typesupport_introspection_c/booster_interface/msg/detail/motor_state__type_support.c.o
[ 34%] Building CXX object CMakeFiles/booster_interface__rosidl_typesupport_introspection_cpp.dir/rosidl_typesupport_introspection_cpp/booster_interface/msg/detail/button_event_msg__type_support.cpp.o
[ 34%] Building CXX object CMakeFiles/booster_interface__rosidl_typesupport_c.dir/rosidl_typesupport_c/booster_interface/msg/hand_command__type_support.cpp.o
[ 34%] Building CXX object CMakeFiles/booster_interface__rosidl_typesupport_fastrtps_cpp.dir/rosidl_typesupport_fastrtps_cpp/booster_interface/msg/detail/dds_fastrtps/button_event_msg__type_support.cpp.o
[ 35%] Building CXX object CMakeFiles/booster_interface__rosidl_typesupport_c.dir/rosidl_typesupport_c/booster_interface/msg/hand_dds_msg__type_support.cpp.o
[ 35%] Building C object CMakeFiles/booster_interface__rosidl_typesupport_introspection_c.dir/rosidl_typesupport_introspection_c/booster_interface/msg/detail/motor_cmd__type_support.c.o
[ 35%] Building CXX object CMakeFiles/booster_interface__rosidl_typesupport_c.dir/rosidl_typesupport_c/booster_interface/msg/hand_param__type_support.cpp.o
[ 36%] Building CXX object CMakeFiles/booster_interface__rosidl_typesupport_c.dir/rosidl_typesupport_c/booster_interface/msg/prone_body_control_status__type_support.cpp.o
[ 37%] Building C object CMakeFiles/booster_interface__rosidl_typesupport_introspection_c.dir/rosidl_typesupport_introspection_c/booster_interface/msg/detail/low_cmd__type_support.c.o
[ 37%] Building C object CMakeFiles/booster_interface__rosidl_typesupport_introspection_c.dir/rosidl_typesupport_introspection_c/booster_interface/msg/detail/imu_state__type_support.c.o
[ 37%] Building CXX object CMakeFiles/booster_interface__rosidl_typesupport_cpp.dir/rosidl_typesupport_cpp/booster_interface/msg/fall_down_state__type_support.cpp.o
[ 37%] Building CXX object CMakeFiles/booster_interface__rosidl_typesupport_c.dir/rosidl_typesupport_c/booster_interface/msg/robot_states_msg__type_support.cpp.o
[ 38%] Building CXX object CMakeFiles/booster_interface__rosidl_typesupport_fastrtps_c.dir/rosidl_typesupport_fastrtps_c/booster_interface/msg/detail/booster_api_resp_msg__type_support_c.cpp.o
[ 38%] Building CXX object CMakeFiles/booster_interface__rosidl_typesupport_fastrtps_c.dir/rosidl_typesupport_fastrtps_c/booster_interface/msg/detail/button_event_msg__type_support_c.cpp.o
[ 39%] Building CXX object CMakeFiles/booster_interface__rosidl_typesupport_c.dir/rosidl_typesupport_c/booster_interface/msg/robot_replay_traj_id__type_support.cpp.o
[ 40%] Building C object CMakeFiles/booster_interface__rosidl_typesupport_introspection_c.dir/rosidl_typesupport_introspection_c/booster_interface/msg/detail/low_state__type_support.c.o
[ 41%] Building CXX object CMakeFiles/booster_interface__rosidl_typesupport_fastrtps_cpp.dir/rosidl_typesupport_fastrtps_cpp/booster_interface/msg/detail/dds_fastrtps/motor_state__type_support.cpp.o
[ 41%] Building CXX object CMakeFiles/booster_interface__rosidl_typesupport_c.dir/rosidl_typesupport_c/booster_interface/msg/subtitle__type_support.cpp.o
[ 41%] Building C object CMakeFiles/booster_interface__rosidl_typesupport_introspection_c.dir/rosidl_typesupport_introspection_c/booster_interface/msg/detail/raw_bytes_msg__type_support.c.o
[ 42%] Building CXX object CMakeFiles/booster_interface__rosidl_typesupport_c.dir/rosidl_typesupport_c/booster_interface/srv/rpc_service__type_support.cpp.o
[ 43%] Building CXX object CMakeFiles/booster_interface__rosidl_typesupport_introspection_cpp.dir/rosidl_typesupport_introspection_cpp/booster_interface/msg/detail/motor_state__type_support.cpp.o
[ 43%] Building CXX object CMakeFiles/booster_interface__rosidl_typesupport_c.dir/rosidl_typesupport_c/booster_interface/srv/agent_service__type_support.cpp.o
[ 44%] Building CXX object CMakeFiles/booster_interface__rosidl_typesupport_cpp.dir/rosidl_typesupport_cpp/booster_interface/msg/remote_controller_state__type_support.cpp.o
[ 45%] Building C object CMakeFiles/booster_interface__rosidl_typesupport_introspection_c.dir/rosidl_typesupport_introspection_c/booster_interface/msg/detail/odometer__type_support.c.o
[ 46%] Building CXX object CMakeFiles/booster_interface__rosidl_typesupport_fastrtps_c.dir/rosidl_typesupport_fastrtps_c/booster_interface/msg/detail/motor_state__type_support_c.cpp.o
[ 47%] Linking CXX shared library libbooster_interface__rosidl_typesupport_c.so
[ 47%] Building C object CMakeFiles/booster_interface__rosidl_typesupport_introspection_c.dir/rosidl_typesupport_introspection_c/booster_interface/msg/detail/fall_down_state__type_support.c.o
[ 47%] Building CXX object CMakeFiles/booster_interface__rosidl_typesupport_fastrtps_cpp.dir/rosidl_typesupport_fastrtps_cpp/booster_interface/msg/detail/dds_fastrtps/motor_cmd__type_support.cpp.o
[ 48%] Building C object CMakeFiles/booster_interface__rosidl_typesupport_introspection_c.dir/rosidl_typesupport_introspection_c/booster_interface/msg/detail/remote_controller_state__type_support.c.o
[ 48%] Building CXX object CMakeFiles/booster_interface__rosidl_typesupport_introspection_cpp.dir/rosidl_typesupport_introspection_cpp/booster_interface/msg/detail/motor_cmd__type_support.cpp.o
[ 48%] Built target booster_interface__rosidl_typesupport_c
[ 48%] Building C object CMakeFiles/booster_interface__rosidl_typesupport_introspection_c.dir/rosidl_typesupport_introspection_c/booster_interface/msg/detail/hand_command__type_support.c.o
[ 49%] Building CXX object CMakeFiles/booster_interface__rosidl_typesupport_fastrtps_cpp.dir/rosidl_typesupport_fastrtps_cpp/booster_interface/msg/detail/dds_fastrtps/low_cmd__type_support.cpp.o
[ 49%] Building CXX object CMakeFiles/booster_interface__rosidl_typesupport_cpp.dir/rosidl_typesupport_cpp/booster_interface/msg/hand_command__type_support.cpp.o
[ 49%] Building CXX object CMakeFiles/booster_interface__rosidl_typesupport_fastrtps_c.dir/rosidl_typesupport_fastrtps_c/booster_interface/msg/detail/motor_cmd__type_support_c.cpp.o
[ 50%] Building C object CMakeFiles/booster_interface__rosidl_typesupport_introspection_c.dir/rosidl_typesupport_introspection_c/booster_interface/msg/detail/hand_dds_msg__type_support.c.o
[ 50%] Building C object CMakeFiles/booster_interface__rosidl_typesupport_introspection_c.dir/rosidl_typesupport_introspection_c/booster_interface/msg/detail/hand_param__type_support.c.o
[ 51%] Building C object CMakeFiles/booster_interface__rosidl_typesupport_introspection_c.dir/rosidl_typesupport_introspection_c/booster_interface/msg/detail/prone_body_control_status__type_support.c.o
[ 52%] Building CXX object CMakeFiles/booster_interface__rosidl_typesupport_introspection_cpp.dir/rosidl_typesupport_introspection_cpp/booster_interface/msg/detail/low_cmd__type_support.cpp.o
[ 53%] Building CXX object CMakeFiles/booster_interface__rosidl_typesupport_fastrtps_c.dir/rosidl_typesupport_fastrtps_c/booster_interface/msg/detail/low_cmd__type_support_c.cpp.o
[ 53%] Building C object CMakeFiles/booster_interface__rosidl_typesupport_introspection_c.dir/rosidl_typesupport_introspection_c/booster_interface/msg/detail/robot_states_msg__type_support.c.o
[ 54%] Building C object CMakeFiles/booster_interface__rosidl_typesupport_introspection_c.dir/rosidl_typesupport_introspection_c/booster_interface/msg/detail/robot_replay_traj_id__type_support.c.o
[ 55%] Building CXX object CMakeFiles/booster_interface__rosidl_typesupport_cpp.dir/rosidl_typesupport_cpp/booster_interface/msg/hand_param__type_support.cpp.o
[ 55%] Building CXX object CMakeFiles/booster_interface__rosidl_typesupport_cpp.dir/rosidl_typesupport_cpp/booster_interface/msg/hand_dds_msg__type_support.cpp.o
[ 55%] Building C object CMakeFiles/booster_interface__rosidl_typesupport_introspection_c.dir/rosidl_typesupport_introspection_c/booster_interface/msg/detail/subtitle__type_support.c.o
[ 55%] Building CXX object CMakeFiles/booster_interface__rosidl_typesupport_fastrtps_cpp.dir/rosidl_typesupport_fastrtps_cpp/booster_interface/msg/detail/dds_fastrtps/imu_state__type_support.cpp.o
[ 56%] Building CXX object CMakeFiles/booster_interface__rosidl_typesupport_fastrtps_cpp.dir/rosidl_typesupport_fastrtps_cpp/booster_interface/msg/detail/dds_fastrtps/low_state__type_support.cpp.o
[ 57%] Building C object CMakeFiles/booster_interface__rosidl_typesupport_introspection_c.dir/rosidl_typesupport_introspection_c/booster_interface/srv/detail/rpc_service__type_support.c.o
[ 57%] Building CXX object CMakeFiles/booster_interface__rosidl_typesupport_fastrtps_c.dir/rosidl_typesupport_fastrtps_c/booster_interface/msg/detail/imu_state__type_support_c.cpp.o
[ 57%] Building C object CMakeFiles/booster_interface__rosidl_typesupport_introspection_c.dir/rosidl_typesupport_introspection_c/booster_interface/srv/detail/agent_service__type_support.c.o
[ 57%] Building CXX object CMakeFiles/booster_interface__rosidl_typesupport_introspection_cpp.dir/rosidl_typesupport_introspection_cpp/booster_interface/msg/detail/imu_state__type_support.cpp.o
[ 58%] Building CXX object CMakeFiles/booster_interface__rosidl_typesupport_introspection_cpp.dir/rosidl_typesupport_introspection_cpp/booster_interface/msg/detail/low_state__type_support.cpp.o
[ 59%] Linking C shared library libbooster_interface__rosidl_typesupport_introspection_c.so
[ 60%] Building CXX object CMakeFiles/booster_interface__rosidl_typesupport_fastrtps_c.dir/rosidl_typesupport_fastrtps_c/booster_interface/msg/detail/low_state__type_support_c.cpp.o
[ 61%] Building CXX object CMakeFiles/booster_interface__rosidl_typesupport_cpp.dir/rosidl_typesupport_cpp/booster_interface/msg/prone_body_control_status__type_support.cpp.o
[ 61%] Built target booster_interface__rosidl_typesupport_introspection_c
[ 61%] Building CXX object CMakeFiles/booster_interface__rosidl_typesupport_fastrtps_c.dir/rosidl_typesupport_fastrtps_c/booster_interface/msg/detail/raw_bytes_msg__type_support_c.cpp.o
[ 61%] Building CXX object CMakeFiles/booster_interface__rosidl_typesupport_cpp.dir/rosidl_typesupport_cpp/booster_interface/msg/robot_states_msg__type_support.cpp.o
[ 62%] Building CXX object CMakeFiles/booster_interface__rosidl_typesupport_fastrtps_c.dir/rosidl_typesupport_fastrtps_c/booster_interface/msg/detail/odometer__type_support_c.cpp.o
[ 62%] Building CXX object CMakeFiles/booster_interface__rosidl_typesupport_fastrtps_cpp.dir/rosidl_typesupport_fastrtps_cpp/booster_interface/msg/detail/dds_fastrtps/raw_bytes_msg__type_support.cpp.o
[ 62%] Building CXX object CMakeFiles/booster_interface__rosidl_typesupport_introspection_cpp.dir/rosidl_typesupport_introspection_cpp/booster_interface/msg/detail/raw_bytes_msg__type_support.cpp.o
[ 64%] Building CXX object CMakeFiles/booster_interface__rosidl_typesupport_fastrtps_c.dir/rosidl_typesupport_fastrtps_c/booster_interface/msg/detail/fall_down_state__type_support_c.cpp.o
[ 64%] Building CXX object CMakeFiles/booster_interface__rosidl_typesupport_fastrtps_cpp.dir/rosidl_typesupport_fastrtps_cpp/booster_interface/msg/detail/dds_fastrtps/odometer__type_support.cpp.o
[ 64%] Building CXX object CMakeFiles/booster_interface__rosidl_typesupport_cpp.dir/rosidl_typesupport_cpp/booster_interface/msg/robot_replay_traj_id__type_support.cpp.o
[ 65%] Building CXX object CMakeFiles/booster_interface__rosidl_typesupport_introspection_cpp.dir/rosidl_typesupport_introspection_cpp/booster_interface/msg/detail/odometer__type_support.cpp.o
[ 65%] Building CXX object CMakeFiles/booster_interface__rosidl_typesupport_fastrtps_cpp.dir/rosidl_typesupport_fastrtps_cpp/booster_interface/msg/detail/dds_fastrtps/fall_down_state__type_support.cpp.o
[ 65%] Building CXX object CMakeFiles/booster_interface__rosidl_typesupport_introspection_cpp.dir/rosidl_typesupport_introspection_cpp/booster_interface/msg/detail/fall_down_state__type_support.cpp.o
[ 66%] Building CXX object CMakeFiles/booster_interface__rosidl_typesupport_fastrtps_c.dir/rosidl_typesupport_fastrtps_c/booster_interface/msg/detail/remote_controller_state__type_support_c.cpp.o
[ 66%] Building CXX object CMakeFiles/booster_interface__rosidl_typesupport_fastrtps_c.dir/rosidl_typesupport_fastrtps_c/booster_interface/msg/detail/hand_command__type_support_c.cpp.o
[ 66%] Building CXX object CMakeFiles/booster_interface__rosidl_typesupport_cpp.dir/rosidl_typesupport_cpp/booster_interface/msg/subtitle__type_support.cpp.o
[ 67%] Building CXX object CMakeFiles/booster_interface__rosidl_typesupport_introspection_cpp.dir/rosidl_typesupport_introspection_cpp/booster_interface/msg/detail/remote_controller_state__type_support.cpp.o
[ 68%] Building CXX object CMakeFiles/booster_interface__rosidl_typesupport_fastrtps_cpp.dir/rosidl_typesupport_fastrtps_cpp/booster_interface/msg/detail/dds_fastrtps/remote_controller_state__type_support.cpp.o
[ 69%] Building CXX object CMakeFiles/booster_interface__rosidl_typesupport_fastrtps_c.dir/rosidl_typesupport_fastrtps_c/booster_interface/msg/detail/hand_dds_msg__type_support_c.cpp.o
[ 70%] Building CXX object CMakeFiles/booster_interface__rosidl_typesupport_cpp.dir/rosidl_typesupport_cpp/booster_interface/srv/rpc_service__type_support.cpp.o
[ 70%] Building CXX object CMakeFiles/booster_interface__rosidl_typesupport_cpp.dir/rosidl_typesupport_cpp/booster_interface/srv/agent_service__type_support.cpp.o
[ 70%] Building CXX object CMakeFiles/booster_interface__rosidl_typesupport_fastrtps_c.dir/rosidl_typesupport_fastrtps_c/booster_interface/msg/detail/hand_param__type_support_c.cpp.o
[ 71%] Building CXX object CMakeFiles/booster_interface__rosidl_typesupport_fastrtps_c.dir/rosidl_typesupport_fastrtps_c/booster_interface/msg/detail/prone_body_control_status__type_support_c.cpp.o
[ 71%] Building CXX object CMakeFiles/booster_interface__rosidl_typesupport_fastrtps_c.dir/rosidl_typesupport_fastrtps_c/booster_interface/msg/detail/robot_states_msg__type_support_c.cpp.o
[ 71%] Building CXX object CMakeFiles/booster_interface__rosidl_typesupport_introspection_cpp.dir/rosidl_typesupport_introspection_cpp/booster_interface/msg/detail/hand_command__type_support.cpp.o
[ 72%] Building CXX object CMakeFiles/booster_interface__rosidl_typesupport_fastrtps_c.dir/rosidl_typesupport_fastrtps_c/booster_interface/msg/detail/robot_replay_traj_id__type_support_c.cpp.o
[ 72%] Building CXX object CMakeFiles/booster_interface__rosidl_typesupport_fastrtps_cpp.dir/rosidl_typesupport_fastrtps_cpp/booster_interface/msg/detail/dds_fastrtps/hand_command__type_support.cpp.o
[ 73%] Linking CXX shared library libbooster_interface__rosidl_typesupport_cpp.so
[ 74%] Building CXX object CMakeFiles/booster_interface__rosidl_typesupport_fastrtps_cpp.dir/rosidl_typesupport_fastrtps_cpp/booster_interface/msg/detail/dds_fastrtps/hand_dds_msg__type_support.cpp.o
[ 74%] Built target booster_interface__rosidl_typesupport_cpp
[ 75%] Building CXX object CMakeFiles/booster_interface__rosidl_typesupport_introspection_cpp.dir/rosidl_typesupport_introspection_cpp/booster_interface/msg/detail/hand_dds_msg__type_support.cpp.o
[ 75%] Building CXX object CMakeFiles/booster_interface__rosidl_typesupport_introspection_cpp.dir/rosidl_typesupport_introspection_cpp/booster_interface/msg/detail/hand_param__type_support.cpp.o
[ 75%] Building CXX object CMakeFiles/booster_interface__rosidl_typesupport_fastrtps_cpp.dir/rosidl_typesupport_fastrtps_cpp/booster_interface/msg/detail/dds_fastrtps/hand_param__type_support.cpp.o
[ 76%] Building CXX object CMakeFiles/booster_interface__rosidl_typesupport_fastrtps_cpp.dir/rosidl_typesupport_fastrtps_cpp/booster_interface/msg/detail/dds_fastrtps/prone_body_control_status__type_support.cpp.o
[ 76%] Building CXX object CMakeFiles/booster_interface__rosidl_typesupport_fastrtps_c.dir/rosidl_typesupport_fastrtps_c/booster_interface/msg/detail/subtitle__type_support_c.cpp.o
[ 77%] Building CXX object CMakeFiles/booster_interface__rosidl_typesupport_introspection_cpp.dir/rosidl_typesupport_introspection_cpp/booster_interface/msg/detail/prone_body_control_status__type_support.cpp.o
[ 77%] Building CXX object CMakeFiles/booster_interface__rosidl_typesupport_fastrtps_cpp.dir/rosidl_typesupport_fastrtps_cpp/booster_interface/msg/detail/dds_fastrtps/robot_states_msg__type_support.cpp.o
[ 78%] Building CXX object CMakeFiles/booster_interface__rosidl_typesupport_fastrtps_cpp.dir/rosidl_typesupport_fastrtps_cpp/booster_interface/msg/detail/dds_fastrtps/robot_replay_traj_id__type_support.cpp.o
[ 79%] Building CXX object CMakeFiles/booster_interface__rosidl_typesupport_fastrtps_c.dir/rosidl_typesupport_fastrtps_c/booster_interface/srv/detail/rpc_service__type_support_c.cpp.o
[ 79%] Building CXX object CMakeFiles/booster_interface__rosidl_typesupport_fastrtps_cpp.dir/rosidl_typesupport_fastrtps_cpp/booster_interface/msg/detail/dds_fastrtps/subtitle__type_support.cpp.o
[ 79%] Building CXX object CMakeFiles/booster_interface__rosidl_typesupport_fastrtps_c.dir/rosidl_typesupport_fastrtps_c/booster_interface/srv/detail/agent_service__type_support_c.cpp.o
[ 79%] Building CXX object CMakeFiles/booster_interface__rosidl_typesupport_introspection_cpp.dir/rosidl_typesupport_introspection_cpp/booster_interface/msg/detail/robot_states_msg__type_support.cpp.o
[ 80%] Building CXX object CMakeFiles/booster_interface__rosidl_typesupport_fastrtps_cpp.dir/rosidl_typesupport_fastrtps_cpp/booster_interface/srv/detail/dds_fastrtps/rpc_service__type_support.cpp.o
[ 81%] Building CXX object CMakeFiles/booster_interface__rosidl_typesupport_introspection_cpp.dir/rosidl_typesupport_introspection_cpp/booster_interface/msg/detail/robot_replay_traj_id__type_support.cpp.o
[ 81%] Building CXX object CMakeFiles/booster_interface__rosidl_typesupport_introspection_cpp.dir/rosidl_typesupport_introspection_cpp/booster_interface/msg/detail/subtitle__type_support.cpp.o
[ 81%] Building CXX object CMakeFiles/booster_interface__rosidl_typesupport_fastrtps_cpp.dir/rosidl_typesupport_fastrtps_cpp/booster_interface/srv/detail/dds_fastrtps/agent_service__type_support.cpp.o
[ 82%] Linking CXX shared library libbooster_interface__rosidl_typesupport_fastrtps_c.so
[ 83%] Building CXX object CMakeFiles/booster_interface__rosidl_typesupport_introspection_cpp.dir/rosidl_typesupport_introspection_cpp/booster_interface/srv/detail/rpc_service__type_support.cpp.o
[ 83%] Building CXX object CMakeFiles/booster_interface__rosidl_typesupport_introspection_cpp.dir/rosidl_typesupport_introspection_cpp/booster_interface/srv/detail/agent_service__type_support.cpp.o
[ 83%] Built target booster_interface__rosidl_typesupport_fastrtps_c
[ 84%] Linking CXX shared library libbooster_interface__rosidl_typesupport_fastrtps_cpp.so
[ 85%] Linking CXX shared library libbooster_interface__rosidl_typesupport_introspection_cpp.so
[ 85%] Built target booster_interface__rosidl_typesupport_fastrtps_cpp
[ 85%] Built target booster_interface__rosidl_typesupport_introspection_cpp
[ 85%] Built target booster_interface
[ 86%] Generating Python code for ROS interfaces
[ 86%] Built target booster_interface__py
[ 86%] Building C object CMakeFiles/booster_interface__rosidl_generator_py.dir/rosidl_generator_py/booster_interface/msg/_booster_api_req_msg_s.c.o
[ 86%] Building C object CMakeFiles/booster_interface__rosidl_generator_py.dir/rosidl_generator_py/booster_interface/msg/_button_event_msg_s.c.o
[ 86%] Building C object CMakeFiles/booster_interface__rosidl_generator_py.dir/rosidl_generator_py/booster_interface/msg/_motor_cmd_s.c.o
[ 90%] Building C object CMakeFiles/booster_interface__rosidl_generator_py.dir/rosidl_generator_py/booster_interface/msg/_imu_state_s.c.o
[ 90%] Building C object CMakeFiles/booster_interface__rosidl_generator_py.dir/rosidl_generator_py/booster_interface/msg/_low_cmd_s.c.o
[ 90%] Building C object CMakeFiles/booster_interface__rosidl_generator_py.dir/rosidl_generator_py/booster_interface/msg/_booster_api_resp_msg_s.c.o
[ 90%] Building C object CMakeFiles/booster_interface__rosidl_generator_py.dir/rosidl_generator_py/booster_interface/msg/_motor_state_s.c.o
[ 90%] Building C object CMakeFiles/booster_interface__rosidl_generator_py.dir/rosidl_generator_py/booster_interface/msg/_low_state_s.c.o
[ 90%] Building C object CMakeFiles/booster_interface__rosidl_generator_py.dir/rosidl_generator_py/booster_interface/msg/_raw_bytes_msg_s.c.o
[ 91%] Building C object CMakeFiles/booster_interface__rosidl_generator_py.dir/rosidl_generator_py/booster_interface/msg/_odometer_s.c.o
[ 91%] Building C object CMakeFiles/booster_interface__rosidl_generator_py.dir/rosidl_generator_py/booster_interface/msg/_fall_down_state_s.c.o
[ 92%] Building C object CMakeFiles/booster_interface__rosidl_generator_py.dir/rosidl_generator_py/booster_interface/msg/_remote_controller_state_s.c.o
[ 92%] Building C object CMakeFiles/booster_interface__rosidl_generator_py.dir/rosidl_generator_py/booster_interface/msg/_hand_command_s.c.o
[ 93%] Building C object CMakeFiles/booster_interface__rosidl_generator_py.dir/rosidl_generator_py/booster_interface/msg/_hand_dds_msg_s.c.o
[ 93%] Building C object CMakeFiles/booster_interface__rosidl_generator_py.dir/rosidl_generator_py/booster_interface/msg/_hand_param_s.c.o
[ 94%] Building C object CMakeFiles/booster_interface__rosidl_generator_py.dir/rosidl_generator_py/booster_interface/msg/_prone_body_control_status_s.c.o
[ 94%] Building C object CMakeFiles/booster_interface__rosidl_generator_py.dir/rosidl_generator_py/booster_interface/msg/_robot_states_msg_s.c.o
[ 95%] Building C object CMakeFiles/booster_interface__rosidl_generator_py.dir/rosidl_generator_py/booster_interface/msg/_subtitle_s.c.o
[ 96%] Building C object CMakeFiles/booster_interface__rosidl_generator_py.dir/rosidl_generator_py/booster_interface/msg/_robot_replay_traj_id_s.c.o
[ 96%] Building C object CMakeFiles/booster_interface__rosidl_generator_py.dir/rosidl_generator_py/booster_interface/srv/_agent_service_s.c.o
[ 96%] Building C object CMakeFiles/booster_interface__rosidl_generator_py.dir/rosidl_generator_py/booster_interface/srv/_rpc_service_s.c.o
[ 97%] Linking C shared library rosidl_generator_py/booster_interface/libbooster_interface__rosidl_generator_py.so
[ 97%] Built target booster_interface__rosidl_generator_py
[ 97%] Building C object CMakeFiles/booster_interface__rosidl_typesupport_introspection_c__pyext.dir/rosidl_generator_py/booster_interface/_booster_interface_s.ep.rosidl_typesupport_introspection_c.c.o
[ 97%] Building C object CMakeFiles/booster_interface__rosidl_typesupport_fastrtps_c__pyext.dir/rosidl_generator_py/booster_interface/_booster_interface_s.ep.rosidl_typesupport_fastrtps_c.c.o
[ 97%] Building C object CMakeFiles/booster_interface__rosidl_typesupport_c__pyext.dir/rosidl_generator_py/booster_interface/_booster_interface_s.ep.rosidl_typesupport_c.c.o
[ 98%] Linking C shared library rosidl_generator_py/booster_interface/booster_interface_s__rosidl_typesupport_c.cpython-310-aarch64-linux-gnu.so
[100%] Linking C shared library rosidl_generator_py/booster_interface/booster_interface_s__rosidl_typesupport_fastrtps_c.cpython-310-aarch64-linux-gnu.so
[100%] Linking C shared library rosidl_generator_py/booster_interface/booster_interface_s__rosidl_typesupport_introspection_c.cpython-310-aarch64-linux-gnu.so
[100%] Built target booster_interface__rosidl_typesupport_c__pyext
[100%] Built target booster_interface__rosidl_typesupport_introspection_c__pyext
[100%] Built target booster_interface__rosidl_typesupport_fastrtps_c__pyext
-- Install configuration: ""
-- Execute custom install script
-- Symlinking: /workspace/project/.docker/ros2_install/booster_interface/share/ament_index/resource_index/rosidl_interfaces/booster_interface
-- Symlinking: /workspace/project/.docker/ros2_install/booster_interface/include/booster_interface/booster_interface/msg/booster_api_req_msg.h
-- Symlinking: /workspace/project/.docker/ros2_install/booster_interface/include/booster_interface/booster_interface/msg/booster_api_resp_msg.h
-- Symlinking: /workspace/project/.docker/ros2_install/booster_interface/include/booster_interface/booster_interface/msg/button_event_msg.h
-- Symlinking: /workspace/project/.docker/ros2_install/booster_interface/include/booster_interface/booster_interface/msg/detail/booster_api_req_msg__functions.h
-- Symlinking: /workspace/project/.docker/ros2_install/booster_interface/include/booster_interface/booster_interface/msg/detail/booster_api_req_msg__struct.h
-- Symlinking: /workspace/project/.docker/ros2_install/booster_interface/include/booster_interface/booster_interface/msg/detail/booster_api_req_msg__type_support.h
-- Symlinking: /workspace/project/.docker/ros2_install/booster_interface/include/booster_interface/booster_interface/msg/detail/booster_api_resp_msg__functions.h
-- Symlinking: /workspace/project/.docker/ros2_install/booster_interface/include/booster_interface/booster_interface/msg/detail/booster_api_resp_msg__struct.h
-- Symlinking: /workspace/project/.docker/ros2_install/booster_interface/include/booster_interface/booster_interface/msg/detail/booster_api_resp_msg__type_support.h
-- Symlinking: /workspace/project/.docker/ros2_install/booster_interface/include/booster_interface/booster_interface/msg/detail/button_event_msg__functions.h
-- Symlinking: /workspace/project/.docker/ros2_install/booster_interface/include/booster_interface/booster_interface/msg/detail/button_event_msg__struct.h
-- Symlinking: /workspace/project/.docker/ros2_install/booster_interface/include/booster_interface/booster_interface/msg/detail/button_event_msg__type_support.h
-- Symlinking: /workspace/project/.docker/ros2_install/booster_interface/include/booster_interface/booster_interface/msg/detail/fall_down_state__functions.h
-- Symlinking: /workspace/project/.docker/ros2_install/booster_interface/include/booster_interface/booster_interface/msg/detail/fall_down_state__struct.h
-- Symlinking: /workspace/project/.docker/ros2_install/booster_interface/include/booster_interface/booster_interface/msg/detail/fall_down_state__type_support.h
-- Symlinking: /workspace/project/.docker/ros2_install/booster_interface/include/booster_interface/booster_interface/msg/detail/hand_command__functions.h
-- Symlinking: /workspace/project/.docker/ros2_install/booster_interface/include/booster_interface/booster_interface/msg/detail/hand_command__struct.h
-- Symlinking: /workspace/project/.docker/ros2_install/booster_interface/include/booster_interface/booster_interface/msg/detail/hand_command__type_support.h
-- Symlinking: /workspace/project/.docker/ros2_install/booster_interface/include/booster_interface/booster_interface/msg/detail/hand_dds_msg__functions.h
-- Symlinking: /workspace/project/.docker/ros2_install/booster_interface/include/booster_interface/booster_interface/msg/detail/hand_dds_msg__struct.h
-- Symlinking: /workspace/project/.docker/ros2_install/booster_interface/include/booster_interface/booster_interface/msg/detail/hand_dds_msg__type_support.h
-- Symlinking: /workspace/project/.docker/ros2_install/booster_interface/include/booster_interface/booster_interface/msg/detail/hand_param__functions.h
-- Symlinking: /workspace/project/.docker/ros2_install/booster_interface/include/booster_interface/booster_interface/msg/detail/hand_param__struct.h
-- Symlinking: /workspace/project/.docker/ros2_install/booster_interface/include/booster_interface/booster_interface/msg/detail/hand_param__type_support.h
-- Symlinking: /workspace/project/.docker/ros2_install/booster_interface/include/booster_interface/booster_interface/msg/detail/imu_state__functions.h
-- Symlinking: /workspace/project/.docker/ros2_install/booster_interface/include/booster_interface/booster_interface/msg/detail/imu_state__struct.h
-- Symlinking: /workspace/project/.docker/ros2_install/booster_interface/include/booster_interface/booster_interface/msg/detail/imu_state__type_support.h
-- Symlinking: /workspace/project/.docker/ros2_install/booster_interface/include/booster_interface/booster_interface/msg/detail/low_cmd__functions.h
-- Symlinking: /workspace/project/.docker/ros2_install/booster_interface/include/booster_interface/booster_interface/msg/detail/low_cmd__struct.h
-- Symlinking: /workspace/project/.docker/ros2_install/booster_interface/include/booster_interface/booster_interface/msg/detail/low_cmd__type_support.h
-- Symlinking: /workspace/project/.docker/ros2_install/booster_interface/include/booster_interface/booster_interface/msg/detail/low_state__functions.h
-- Symlinking: /workspace/project/.docker/ros2_install/booster_interface/include/booster_interface/booster_interface/msg/detail/low_state__struct.h
-- Symlinking: /workspace/project/.docker/ros2_install/booster_interface/include/booster_interface/booster_interface/msg/detail/low_state__type_support.h
-- Symlinking: /workspace/project/.docker/ros2_install/booster_interface/include/booster_interface/booster_interface/msg/detail/motor_cmd__functions.h
-- Symlinking: /workspace/project/.docker/ros2_install/booster_interface/include/booster_interface/booster_interface/msg/detail/motor_cmd__struct.h
-- Symlinking: /workspace/project/.docker/ros2_install/booster_interface/include/booster_interface/booster_interface/msg/detail/motor_cmd__type_support.h
-- Symlinking: /workspace/project/.docker/ros2_install/booster_interface/include/booster_interface/booster_interface/msg/detail/motor_state__functions.h
-- Symlinking: /workspace/project/.docker/ros2_install/booster_interface/include/booster_interface/booster_interface/msg/detail/motor_state__struct.h
-- Symlinking: /workspace/project/.docker/ros2_install/booster_interface/include/booster_interface/booster_interface/msg/detail/motor_state__type_support.h
-- Symlinking: /workspace/project/.docker/ros2_install/booster_interface/include/booster_interface/booster_interface/msg/detail/odometer__functions.h
-- Symlinking: /workspace/project/.docker/ros2_install/booster_interface/include/booster_interface/booster_interface/msg/detail/odometer__struct.h
-- Symlinking: /workspace/project/.docker/ros2_install/booster_interface/include/booster_interface/booster_interface/msg/detail/odometer__type_support.h
-- Symlinking: /workspace/project/.docker/ros2_install/booster_interface/include/booster_interface/booster_interface/msg/detail/prone_body_control_status__functions.h
-- Symlinking: /workspace/project/.docker/ros2_install/booster_interface/include/booster_interface/booster_interface/msg/detail/prone_body_control_status__struct.h
-- Symlinking: /workspace/project/.docker/ros2_install/booster_interface/include/booster_interface/booster_interface/msg/detail/prone_body_control_status__type_support.h
-- Symlinking: /workspace/project/.docker/ros2_install/booster_interface/include/booster_interface/booster_interface/msg/detail/raw_bytes_msg__functions.h
-- Symlinking: /workspace/project/.docker/ros2_install/booster_interface/include/booster_interface/booster_interface/msg/detail/raw_bytes_msg__struct.h
-- Symlinking: /workspace/project/.docker/ros2_install/booster_interface/include/booster_interface/booster_interface/msg/detail/raw_bytes_msg__type_support.h
-- Symlinking: /workspace/project/.docker/ros2_install/booster_interface/include/booster_interface/booster_interface/msg/detail/remote_controller_state__functions.h
-- Symlinking: /workspace/project/.docker/ros2_install/booster_interface/include/booster_interface/booster_interface/msg/detail/remote_controller_state__struct.h
-- Symlinking: /workspace/project/.docker/ros2_install/booster_interface/include/booster_interface/booster_interface/msg/detail/remote_controller_state__type_support.h
-- Symlinking: /workspace/project/.docker/ros2_install/booster_interface/include/booster_interface/booster_interface/msg/detail/robot_replay_traj_id__functions.h
-- Symlinking: /workspace/project/.docker/ros2_install/booster_interface/include/booster_interface/booster_interface/msg/detail/robot_replay_traj_id__struct.h
-- Symlinking: /workspace/project/.docker/ros2_install/booster_interface/include/booster_interface/booster_interface/msg/detail/robot_replay_traj_id__type_support.h
-- Symlinking: /workspace/project/.docker/ros2_install/booster_interface/include/booster_interface/booster_interface/msg/detail/robot_states_msg__functions.h
-- Symlinking: /workspace/project/.docker/ros2_install/booster_interface/include/booster_interface/booster_interface/msg/detail/robot_states_msg__struct.h
-- Symlinking: /workspace/project/.docker/ros2_install/booster_interface/include/booster_interface/booster_interface/msg/detail/robot_states_msg__type_support.h
-- Symlinking: /workspace/project/.docker/ros2_install/booster_interface/include/booster_interface/booster_interface/msg/detail/subtitle__functions.h
-- Symlinking: /workspace/project/.docker/ros2_install/booster_interface/include/booster_interface/booster_interface/msg/detail/subtitle__struct.h
-- Symlinking: /workspace/project/.docker/ros2_install/booster_interface/include/booster_interface/booster_interface/msg/detail/subtitle__type_support.h
-- Symlinking: /workspace/project/.docker/ros2_install/booster_interface/include/booster_interface/booster_interface/msg/fall_down_state.h
-- Symlinking: /workspace/project/.docker/ros2_install/booster_interface/include/booster_interface/booster_interface/msg/hand_command.h
-- Symlinking: /workspace/project/.docker/ros2_install/booster_interface/include/booster_interface/booster_interface/msg/hand_dds_msg.h
-- Symlinking: /workspace/project/.docker/ros2_install/booster_interface/include/booster_interface/booster_interface/msg/hand_param.h
-- Symlinking: /workspace/project/.docker/ros2_install/booster_interface/include/booster_interface/booster_interface/msg/imu_state.h
-- Symlinking: /workspace/project/.docker/ros2_install/booster_interface/include/booster_interface/booster_interface/msg/low_cmd.h
-- Symlinking: /workspace/project/.docker/ros2_install/booster_interface/include/booster_interface/booster_interface/msg/low_state.h
-- Symlinking: /workspace/project/.docker/ros2_install/booster_interface/include/booster_interface/booster_interface/msg/motor_cmd.h
-- Symlinking: /workspace/project/.docker/ros2_install/booster_interface/include/booster_interface/booster_interface/msg/motor_state.h
-- Symlinking: /workspace/project/.docker/ros2_install/booster_interface/include/booster_interface/booster_interface/msg/odometer.h
-- Symlinking: /workspace/project/.docker/ros2_install/booster_interface/include/booster_interface/booster_interface/msg/prone_body_control_status.h
-- Symlinking: /workspace/project/.docker/ros2_install/booster_interface/include/booster_interface/booster_interface/msg/raw_bytes_msg.h
-- Symlinking: /workspace/project/.docker/ros2_install/booster_interface/include/booster_interface/booster_interface/msg/remote_controller_state.h
-- Symlinking: /workspace/project/.docker/ros2_install/booster_interface/include/booster_interface/booster_interface/msg/robot_replay_traj_id.h
-- Symlinking: /workspace/project/.docker/ros2_install/booster_interface/include/booster_interface/booster_interface/msg/robot_states_msg.h
-- Symlinking: /workspace/project/.docker/ros2_install/booster_interface/include/booster_interface/booster_interface/msg/rosidl_generator_c__visibility_control.h
-- Symlinking: /workspace/project/.docker/ros2_install/booster_interface/include/booster_interface/booster_interface/msg/subtitle.h
-- Symlinking: /workspace/project/.docker/ros2_install/booster_interface/include/booster_interface/booster_interface/srv/agent_service.h
-- Symlinking: /workspace/project/.docker/ros2_install/booster_interface/include/booster_interface/booster_interface/srv/detail/agent_service__functions.h
-- Symlinking: /workspace/project/.docker/ros2_install/booster_interface/include/booster_interface/booster_interface/srv/detail/agent_service__struct.h
-- Symlinking: /workspace/project/.docker/ros2_install/booster_interface/include/booster_interface/booster_interface/srv/detail/agent_service__type_support.h
-- Symlinking: /workspace/project/.docker/ros2_install/booster_interface/include/booster_interface/booster_interface/srv/detail/rpc_service__functions.h
-- Symlinking: /workspace/project/.docker/ros2_install/booster_interface/include/booster_interface/booster_interface/srv/detail/rpc_service__struct.h
-- Symlinking: /workspace/project/.docker/ros2_install/booster_interface/include/booster_interface/booster_interface/srv/detail/rpc_service__type_support.h
-- Symlinking: /workspace/project/.docker/ros2_install/booster_interface/include/booster_interface/booster_interface/srv/rpc_service.h
-- Symlinking: /workspace/project/.docker/ros2_install/booster_interface/share/booster_interface/environment/library_path.sh
-- Symlinking: /workspace/project/.docker/ros2_install/booster_interface/share/booster_interface/environment/library_path.dsv
-- Symlinking: /workspace/project/.docker/ros2_install/booster_interface/include/booster_interface/booster_interface/msg/detail/booster_api_req_msg__rosidl_typesupport_fastrtps_c.h
-- Symlinking: /workspace/project/.docker/ros2_install/booster_interface/include/booster_interface/booster_interface/msg/detail/booster_api_resp_msg__rosidl_typesupport_fastrtps_c.h
-- Symlinking: /workspace/project/.docker/ros2_install/booster_interface/include/booster_interface/booster_interface/msg/detail/button_event_msg__rosidl_typesupport_fastrtps_c.h
-- Symlinking: /workspace/project/.docker/ros2_install/booster_interface/include/booster_interface/booster_interface/msg/detail/fall_down_state__rosidl_typesupport_fastrtps_c.h
-- Symlinking: /workspace/project/.docker/ros2_install/booster_interface/include/booster_interface/booster_interface/msg/detail/hand_command__rosidl_typesupport_fastrtps_c.h
-- Symlinking: /workspace/project/.docker/ros2_install/booster_interface/include/booster_interface/booster_interface/msg/detail/hand_dds_msg__rosidl_typesupport_fastrtps_c.h
-- Symlinking: /workspace/project/.docker/ros2_install/booster_interface/include/booster_interface/booster_interface/msg/detail/hand_param__rosidl_typesupport_fastrtps_c.h
-- Symlinking: /workspace/project/.docker/ros2_install/booster_interface/include/booster_interface/booster_interface/msg/detail/imu_state__rosidl_typesupport_fastrtps_c.h
-- Symlinking: /workspace/project/.docker/ros2_install/booster_interface/include/booster_interface/booster_interface/msg/detail/low_cmd__rosidl_typesupport_fastrtps_c.h
-- Symlinking: /workspace/project/.docker/ros2_install/booster_interface/include/booster_interface/booster_interface/msg/detail/low_state__rosidl_typesupport_fastrtps_c.h
-- Symlinking: /workspace/project/.docker/ros2_install/booster_interface/include/booster_interface/booster_interface/msg/detail/motor_cmd__rosidl_typesupport_fastrtps_c.h
-- Symlinking: /workspace/project/.docker/ros2_install/booster_interface/include/booster_interface/booster_interface/msg/detail/motor_state__rosidl_typesupport_fastrtps_c.h
-- Symlinking: /workspace/project/.docker/ros2_install/booster_interface/include/booster_interface/booster_interface/msg/detail/odometer__rosidl_typesupport_fastrtps_c.h
-- Symlinking: /workspace/project/.docker/ros2_install/booster_interface/include/booster_interface/booster_interface/msg/detail/prone_body_control_status__rosidl_typesupport_fastrtps_c.h
-- Symlinking: /workspace/project/.docker/ros2_install/booster_interface/include/booster_interface/booster_interface/msg/detail/raw_bytes_msg__rosidl_typesupport_fastrtps_c.h
-- Symlinking: /workspace/project/.docker/ros2_install/booster_interface/include/booster_interface/booster_interface/msg/detail/remote_controller_state__rosidl_typesupport_fastrtps_c.h
-- Symlinking: /workspace/project/.docker/ros2_install/booster_interface/include/booster_interface/booster_interface/msg/detail/robot_replay_traj_id__rosidl_typesupport_fastrtps_c.h
-- Symlinking: /workspace/project/.docker/ros2_install/booster_interface/include/booster_interface/booster_interface/msg/detail/robot_states_msg__rosidl_typesupport_fastrtps_c.h
-- Symlinking: /workspace/project/.docker/ros2_install/booster_interface/include/booster_interface/booster_interface/msg/detail/subtitle__rosidl_typesupport_fastrtps_c.h
-- Symlinking: /workspace/project/.docker/ros2_install/booster_interface/include/booster_interface/booster_interface/msg/rosidl_typesupport_fastrtps_c__visibility_control.h
-- Symlinking: /workspace/project/.docker/ros2_install/booster_interface/include/booster_interface/booster_interface/srv/detail/agent_service__rosidl_typesupport_fastrtps_c.h
-- Symlinking: /workspace/project/.docker/ros2_install/booster_interface/include/booster_interface/booster_interface/srv/detail/rpc_service__rosidl_typesupport_fastrtps_c.h
-- Symlinking: /workspace/project/.docker/ros2_install/booster_interface/include/booster_interface/booster_interface/msg/booster_api_req_msg.hpp
-- Symlinking: /workspace/project/.docker/ros2_install/booster_interface/include/booster_interface/booster_interface/msg/booster_api_resp_msg.hpp
-- Symlinking: /workspace/project/.docker/ros2_install/booster_interface/include/booster_interface/booster_interface/msg/button_event_msg.hpp
-- Symlinking: /workspace/project/.docker/ros2_install/booster_interface/include/booster_interface/booster_interface/msg/detail/booster_api_req_msg__builder.hpp
-- Symlinking: /workspace/project/.docker/ros2_install/booster_interface/include/booster_interface/booster_interface/msg/detail/booster_api_req_msg__struct.hpp
-- Symlinking: /workspace/project/.docker/ros2_install/booster_interface/include/booster_interface/booster_interface/msg/detail/booster_api_req_msg__traits.hpp
-- Symlinking: /workspace/project/.docker/ros2_install/booster_interface/include/booster_interface/booster_interface/msg/detail/booster_api_req_msg__type_support.hpp
-- Symlinking: /workspace/project/.docker/ros2_install/booster_interface/include/booster_interface/booster_interface/msg/detail/booster_api_resp_msg__builder.hpp
-- Symlinking: /workspace/project/.docker/ros2_install/booster_interface/include/booster_interface/booster_interface/msg/detail/booster_api_resp_msg__struct.hpp
-- Symlinking: /workspace/project/.docker/ros2_install/booster_interface/include/booster_interface/booster_interface/msg/detail/booster_api_resp_msg__traits.hpp
-- Symlinking: /workspace/project/.docker/ros2_install/booster_interface/include/booster_interface/booster_interface/msg/detail/booster_api_resp_msg__type_support.hpp
-- Symlinking: /workspace/project/.docker/ros2_install/booster_interface/include/booster_interface/booster_interface/msg/detail/button_event_msg__builder.hpp
-- Symlinking: /workspace/project/.docker/ros2_install/booster_interface/include/booster_interface/booster_interface/msg/detail/button_event_msg__struct.hpp
-- Symlinking: /workspace/project/.docker/ros2_install/booster_interface/include/booster_interface/booster_interface/msg/detail/button_event_msg__traits.hpp
-- Symlinking: /workspace/project/.docker/ros2_install/booster_interface/include/booster_interface/booster_interface/msg/detail/button_event_msg__type_support.hpp
-- Symlinking: /workspace/project/.docker/ros2_install/booster_interface/include/booster_interface/booster_interface/msg/detail/fall_down_state__builder.hpp
-- Symlinking: /workspace/project/.docker/ros2_install/booster_interface/include/booster_interface/booster_interface/msg/detail/fall_down_state__struct.hpp
-- Symlinking: /workspace/project/.docker/ros2_install/booster_interface/include/booster_interface/booster_interface/msg/detail/fall_down_state__traits.hpp
-- Symlinking: /workspace/project/.docker/ros2_install/booster_interface/include/booster_interface/booster_interface/msg/detail/fall_down_state__type_support.hpp
-- Symlinking: /workspace/project/.docker/ros2_install/booster_interface/include/booster_interface/booster_interface/msg/detail/hand_command__builder.hpp
-- Symlinking: /workspace/project/.docker/ros2_install/booster_interface/include/booster_interface/booster_interface/msg/detail/hand_command__struct.hpp
-- Symlinking: /workspace/project/.docker/ros2_install/booster_interface/include/booster_interface/booster_interface/msg/detail/hand_command__traits.hpp
-- Symlinking: /workspace/project/.docker/ros2_install/booster_interface/include/booster_interface/booster_interface/msg/detail/hand_command__type_support.hpp
-- Symlinking: /workspace/project/.docker/ros2_install/booster_interface/include/booster_interface/booster_interface/msg/detail/hand_dds_msg__builder.hpp
-- Symlinking: /workspace/project/.docker/ros2_install/booster_interface/include/booster_interface/booster_interface/msg/detail/hand_dds_msg__struct.hpp
-- Symlinking: /workspace/project/.docker/ros2_install/booster_interface/include/booster_interface/booster_interface/msg/detail/hand_dds_msg__traits.hpp
-- Symlinking: /workspace/project/.docker/ros2_install/booster_interface/include/booster_interface/booster_interface/msg/detail/hand_dds_msg__type_support.hpp
-- Symlinking: /workspace/project/.docker/ros2_install/booster_interface/include/booster_interface/booster_interface/msg/detail/hand_param__builder.hpp
-- Symlinking: /workspace/project/.docker/ros2_install/booster_interface/include/booster_interface/booster_interface/msg/detail/hand_param__struct.hpp
-- Symlinking: /workspace/project/.docker/ros2_install/booster_interface/include/booster_interface/booster_interface/msg/detail/hand_param__traits.hpp
-- Symlinking: /workspace/project/.docker/ros2_install/booster_interface/include/booster_interface/booster_interface/msg/detail/hand_param__type_support.hpp
-- Symlinking: /workspace/project/.docker/ros2_install/booster_interface/include/booster_interface/booster_interface/msg/detail/imu_state__builder.hpp
-- Symlinking: /workspace/project/.docker/ros2_install/booster_interface/include/booster_interface/booster_interface/msg/detail/imu_state__struct.hpp
-- Symlinking: /workspace/project/.docker/ros2_install/booster_interface/include/booster_interface/booster_interface/msg/detail/imu_state__traits.hpp
-- Symlinking: /workspace/project/.docker/ros2_install/booster_interface/include/booster_interface/booster_interface/msg/detail/imu_state__type_support.hpp
-- Symlinking: /workspace/project/.docker/ros2_install/booster_interface/include/booster_interface/booster_interface/msg/detail/low_cmd__builder.hpp
-- Symlinking: /workspace/project/.docker/ros2_install/booster_interface/include/booster_interface/booster_interface/msg/detail/low_cmd__struct.hpp
-- Symlinking: /workspace/project/.docker/ros2_install/booster_interface/include/booster_interface/booster_interface/msg/detail/low_cmd__traits.hpp
-- Symlinking: /workspace/project/.docker/ros2_install/booster_interface/include/booster_interface/booster_interface/msg/detail/low_cmd__type_support.hpp
-- Symlinking: /workspace/project/.docker/ros2_install/booster_interface/include/booster_interface/booster_interface/msg/detail/low_state__builder.hpp
-- Symlinking: /workspace/project/.docker/ros2_install/booster_interface/include/booster_interface/booster_interface/msg/detail/low_state__struct.hpp
-- Symlinking: /workspace/project/.docker/ros2_install/booster_interface/include/booster_interface/booster_interface/msg/detail/low_state__traits.hpp
-- Symlinking: /workspace/project/.docker/ros2_install/booster_interface/include/booster_interface/booster_interface/msg/detail/low_state__type_support.hpp
-- Symlinking: /workspace/project/.docker/ros2_install/booster_interface/include/booster_interface/booster_interface/msg/detail/motor_cmd__builder.hpp
-- Symlinking: /workspace/project/.docker/ros2_install/booster_interface/include/booster_interface/booster_interface/msg/detail/motor_cmd__struct.hpp
-- Symlinking: /workspace/project/.docker/ros2_install/booster_interface/include/booster_interface/booster_interface/msg/detail/motor_cmd__traits.hpp
-- Symlinking: /workspace/project/.docker/ros2_install/booster_interface/include/booster_interface/booster_interface/msg/detail/motor_cmd__type_support.hpp
-- Symlinking: /workspace/project/.docker/ros2_install/booster_interface/include/booster_interface/booster_interface/msg/detail/motor_state__builder.hpp
-- Symlinking: /workspace/project/.docker/ros2_install/booster_interface/include/booster_interface/booster_interface/msg/detail/motor_state__struct.hpp
-- Symlinking: /workspace/project/.docker/ros2_install/booster_interface/include/booster_interface/booster_interface/msg/detail/motor_state__traits.hpp
-- Symlinking: /workspace/project/.docker/ros2_install/booster_interface/include/booster_interface/booster_interface/msg/detail/motor_state__type_support.hpp
-- Symlinking: /workspace/project/.docker/ros2_install/booster_interface/include/booster_interface/booster_interface/msg/detail/odometer__builder.hpp
-- Symlinking: /workspace/project/.docker/ros2_install/booster_interface/include/booster_interface/booster_interface/msg/detail/odometer__struct.hpp
-- Symlinking: /workspace/project/.docker/ros2_install/booster_interface/include/booster_interface/booster_interface/msg/detail/odometer__traits.hpp
-- Symlinking: /workspace/project/.docker/ros2_install/booster_interface/include/booster_interface/booster_interface/msg/detail/odometer__type_support.hpp
-- Symlinking: /workspace/project/.docker/ros2_install/booster_interface/include/booster_interface/booster_interface/msg/detail/prone_body_control_status__builder.hpp
-- Symlinking: /workspace/project/.docker/ros2_install/booster_interface/include/booster_interface/booster_interface/msg/detail/prone_body_control_status__struct.hpp
-- Symlinking: /workspace/project/.docker/ros2_install/booster_interface/include/booster_interface/booster_interface/msg/detail/prone_body_control_status__traits.hpp
-- Symlinking: /workspace/project/.docker/ros2_install/booster_interface/include/booster_interface/booster_interface/msg/detail/prone_body_control_status__type_support.hpp
-- Symlinking: /workspace/project/.docker/ros2_install/booster_interface/include/booster_interface/booster_interface/msg/detail/raw_bytes_msg__builder.hpp
-- Symlinking: /workspace/project/.docker/ros2_install/booster_interface/include/booster_interface/booster_interface/msg/detail/raw_bytes_msg__struct.hpp
-- Symlinking: /workspace/project/.docker/ros2_install/booster_interface/include/booster_interface/booster_interface/msg/detail/raw_bytes_msg__traits.hpp
-- Symlinking: /workspace/project/.docker/ros2_install/booster_interface/include/booster_interface/booster_interface/msg/detail/raw_bytes_msg__type_support.hpp
-- Symlinking: /workspace/project/.docker/ros2_install/booster_interface/include/booster_interface/booster_interface/msg/detail/remote_controller_state__builder.hpp
-- Symlinking: /workspace/project/.docker/ros2_install/booster_interface/include/booster_interface/booster_interface/msg/detail/remote_controller_state__struct.hpp
-- Symlinking: /workspace/project/.docker/ros2_install/booster_interface/include/booster_interface/booster_interface/msg/detail/remote_controller_state__traits.hpp
-- Symlinking: /workspace/project/.docker/ros2_install/booster_interface/include/booster_interface/booster_interface/msg/detail/remote_controller_state__type_support.hpp
-- Symlinking: /workspace/project/.docker/ros2_install/booster_interface/include/booster_interface/booster_interface/msg/detail/robot_replay_traj_id__builder.hpp
-- Symlinking: /workspace/project/.docker/ros2_install/booster_interface/include/booster_interface/booster_interface/msg/detail/robot_replay_traj_id__struct.hpp
-- Symlinking: /workspace/project/.docker/ros2_install/booster_interface/include/booster_interface/booster_interface/msg/detail/robot_replay_traj_id__traits.hpp
-- Symlinking: /workspace/project/.docker/ros2_install/booster_interface/include/booster_interface/booster_interface/msg/detail/robot_replay_traj_id__type_support.hpp
-- Symlinking: /workspace/project/.docker/ros2_install/booster_interface/include/booster_interface/booster_interface/msg/detail/robot_states_msg__builder.hpp
-- Symlinking: /workspace/project/.docker/ros2_install/booster_interface/include/booster_interface/booster_interface/msg/detail/robot_states_msg__struct.hpp
-- Symlinking: /workspace/project/.docker/ros2_install/booster_interface/include/booster_interface/booster_interface/msg/detail/robot_states_msg__traits.hpp
-- Symlinking: /workspace/project/.docker/ros2_install/booster_interface/include/booster_interface/booster_interface/msg/detail/robot_states_msg__type_support.hpp
-- Symlinking: /workspace/project/.docker/ros2_install/booster_interface/include/booster_interface/booster_interface/msg/detail/subtitle__builder.hpp
-- Symlinking: /workspace/project/.docker/ros2_install/booster_interface/include/booster_interface/booster_interface/msg/detail/subtitle__struct.hpp
-- Symlinking: /workspace/project/.docker/ros2_install/booster_interface/include/booster_interface/booster_interface/msg/detail/subtitle__traits.hpp
-- Symlinking: /workspace/project/.docker/ros2_install/booster_interface/include/booster_interface/booster_interface/msg/detail/subtitle__type_support.hpp
-- Symlinking: /workspace/project/.docker/ros2_install/booster_interface/include/booster_interface/booster_interface/msg/fall_down_state.hpp
-- Symlinking: /workspace/project/.docker/ros2_install/booster_interface/include/booster_interface/booster_interface/msg/hand_command.hpp
-- Symlinking: /workspace/project/.docker/ros2_install/booster_interface/include/booster_interface/booster_interface/msg/hand_dds_msg.hpp
-- Symlinking: /workspace/project/.docker/ros2_install/booster_interface/include/booster_interface/booster_interface/msg/hand_param.hpp
-- Symlinking: /workspace/project/.docker/ros2_install/booster_interface/include/booster_interface/booster_interface/msg/imu_state.hpp
-- Symlinking: /workspace/project/.docker/ros2_install/booster_interface/include/booster_interface/booster_interface/msg/low_cmd.hpp
-- Symlinking: /workspace/project/.docker/ros2_install/booster_interface/include/booster_interface/booster_interface/msg/low_state.hpp
-- Symlinking: /workspace/project/.docker/ros2_install/booster_interface/include/booster_interface/booster_interface/msg/motor_cmd.hpp
-- Symlinking: /workspace/project/.docker/ros2_install/booster_interface/include/booster_interface/booster_interface/msg/motor_state.hpp
-- Symlinking: /workspace/project/.docker/ros2_install/booster_interface/include/booster_interface/booster_interface/msg/odometer.hpp
-- Symlinking: /workspace/project/.docker/ros2_install/booster_interface/include/booster_interface/booster_interface/msg/prone_body_control_status.hpp
-- Symlinking: /workspace/project/.docker/ros2_install/booster_interface/include/booster_interface/booster_interface/msg/raw_bytes_msg.hpp
-- Symlinking: /workspace/project/.docker/ros2_install/booster_interface/include/booster_interface/booster_interface/msg/remote_controller_state.hpp
-- Symlinking: /workspace/project/.docker/ros2_install/booster_interface/include/booster_interface/booster_interface/msg/robot_replay_traj_id.hpp
-- Symlinking: /workspace/project/.docker/ros2_install/booster_interface/include/booster_interface/booster_interface/msg/robot_states_msg.hpp
-- Symlinking: /workspace/project/.docker/ros2_install/booster_interface/include/booster_interface/booster_interface/msg/rosidl_generator_cpp__visibility_control.hpp
-- Symlinking: /workspace/project/.docker/ros2_install/booster_interface/include/booster_interface/booster_interface/msg/subtitle.hpp
-- Symlinking: /workspace/project/.docker/ros2_install/booster_interface/include/booster_interface/booster_interface/srv/agent_service.hpp
-- Symlinking: /workspace/project/.docker/ros2_install/booster_interface/include/booster_interface/booster_interface/srv/detail/agent_service__builder.hpp
-- Symlinking: /workspace/project/.docker/ros2_install/booster_interface/include/booster_interface/booster_interface/srv/detail/agent_service__struct.hpp
-- Symlinking: /workspace/project/.docker/ros2_install/booster_interface/include/booster_interface/booster_interface/srv/detail/agent_service__traits.hpp
-- Symlinking: /workspace/project/.docker/ros2_install/booster_interface/include/booster_interface/booster_interface/srv/detail/agent_service__type_support.hpp
-- Symlinking: /workspace/project/.docker/ros2_install/booster_interface/include/booster_interface/booster_interface/srv/detail/rpc_service__builder.hpp
-- Symlinking: /workspace/project/.docker/ros2_install/booster_interface/include/booster_interface/booster_interface/srv/detail/rpc_service__struct.hpp
-- Symlinking: /workspace/project/.docker/ros2_install/booster_interface/include/booster_interface/booster_interface/srv/detail/rpc_service__traits.hpp
-- Symlinking: /workspace/project/.docker/ros2_install/booster_interface/include/booster_interface/booster_interface/srv/detail/rpc_service__type_support.hpp
-- Symlinking: /workspace/project/.docker/ros2_install/booster_interface/include/booster_interface/booster_interface/srv/rpc_service.hpp
-- Symlinking: /workspace/project/.docker/ros2_install/booster_interface/include/booster_interface/booster_interface/msg/detail/booster_api_req_msg__rosidl_typesupport_fastrtps_cpp.hpp
-- Symlinking: /workspace/project/.docker/ros2_install/booster_interface/include/booster_interface/booster_interface/msg/detail/booster_api_resp_msg__rosidl_typesupport_fastrtps_cpp.hpp
-- Symlinking: /workspace/project/.docker/ros2_install/booster_interface/include/booster_interface/booster_interface/msg/detail/button_event_msg__rosidl_typesupport_fastrtps_cpp.hpp
-- Symlinking: /workspace/project/.docker/ros2_install/booster_interface/include/booster_interface/booster_interface/msg/detail/fall_down_state__rosidl_typesupport_fastrtps_cpp.hpp
-- Symlinking: /workspace/project/.docker/ros2_install/booster_interface/include/booster_interface/booster_interface/msg/detail/hand_command__rosidl_typesupport_fastrtps_cpp.hpp
-- Symlinking: /workspace/project/.docker/ros2_install/booster_interface/include/booster_interface/booster_interface/msg/detail/hand_dds_msg__rosidl_typesupport_fastrtps_cpp.hpp
-- Symlinking: /workspace/project/.docker/ros2_install/booster_interface/include/booster_interface/booster_interface/msg/detail/hand_param__rosidl_typesupport_fastrtps_cpp.hpp
-- Symlinking: /workspace/project/.docker/ros2_install/booster_interface/include/booster_interface/booster_interface/msg/detail/imu_state__rosidl_typesupport_fastrtps_cpp.hpp
-- Symlinking: /workspace/project/.docker/ros2_install/booster_interface/include/booster_interface/booster_interface/msg/detail/low_cmd__rosidl_typesupport_fastrtps_cpp.hpp
-- Symlinking: /workspace/project/.docker/ros2_install/booster_interface/include/booster_interface/booster_interface/msg/detail/low_state__rosidl_typesupport_fastrtps_cpp.hpp
-- Symlinking: /workspace/project/.docker/ros2_install/booster_interface/include/booster_interface/booster_interface/msg/detail/motor_cmd__rosidl_typesupport_fastrtps_cpp.hpp
-- Symlinking: /workspace/project/.docker/ros2_install/booster_interface/include/booster_interface/booster_interface/msg/detail/motor_state__rosidl_typesupport_fastrtps_cpp.hpp
-- Symlinking: /workspace/project/.docker/ros2_install/booster_interface/include/booster_interface/booster_interface/msg/detail/odometer__rosidl_typesupport_fastrtps_cpp.hpp
-- Symlinking: /workspace/project/.docker/ros2_install/booster_interface/include/booster_interface/booster_interface/msg/detail/prone_body_control_status__rosidl_typesupport_fastrtps_cpp.hpp
-- Symlinking: /workspace/project/.docker/ros2_install/booster_interface/include/booster_interface/booster_interface/msg/detail/raw_bytes_msg__rosidl_typesupport_fastrtps_cpp.hpp
-- Symlinking: /workspace/project/.docker/ros2_install/booster_interface/include/booster_interface/booster_interface/msg/detail/remote_controller_state__rosidl_typesupport_fastrtps_cpp.hpp
-- Symlinking: /workspace/project/.docker/ros2_install/booster_interface/include/booster_interface/booster_interface/msg/detail/robot_replay_traj_id__rosidl_typesupport_fastrtps_cpp.hpp
-- Symlinking: /workspace/project/.docker/ros2_install/booster_interface/include/booster_interface/booster_interface/msg/detail/robot_states_msg__rosidl_typesupport_fastrtps_cpp.hpp
-- Symlinking: /workspace/project/.docker/ros2_install/booster_interface/include/booster_interface/booster_interface/msg/detail/subtitle__rosidl_typesupport_fastrtps_cpp.hpp
-- Symlinking: /workspace/project/.docker/ros2_install/booster_interface/include/booster_interface/booster_interface/msg/rosidl_typesupport_fastrtps_cpp__visibility_control.h
-- Symlinking: /workspace/project/.docker/ros2_install/booster_interface/include/booster_interface/booster_interface/srv/detail/agent_service__rosidl_typesupport_fastrtps_cpp.hpp
-- Symlinking: /workspace/project/.docker/ros2_install/booster_interface/include/booster_interface/booster_interface/srv/detail/rpc_service__rosidl_typesupport_fastrtps_cpp.hpp
-- Symlinking: /workspace/project/.docker/ros2_install/booster_interface/include/booster_interface/booster_interface/msg/detail/booster_api_req_msg__rosidl_typesupport_introspection_c.h
-- Symlinking: /workspace/project/.docker/ros2_install/booster_interface/include/booster_interface/booster_interface/msg/detail/booster_api_resp_msg__rosidl_typesupport_introspection_c.h
-- Symlinking: /workspace/project/.docker/ros2_install/booster_interface/include/booster_interface/booster_interface/msg/detail/button_event_msg__rosidl_typesupport_introspection_c.h
-- Symlinking: /workspace/project/.docker/ros2_install/booster_interface/include/booster_interface/booster_interface/msg/detail/fall_down_state__rosidl_typesupport_introspection_c.h
-- Symlinking: /workspace/project/.docker/ros2_install/booster_interface/include/booster_interface/booster_interface/msg/detail/hand_command__rosidl_typesupport_introspection_c.h
-- Symlinking: /workspace/project/.docker/ros2_install/booster_interface/include/booster_interface/booster_interface/msg/detail/hand_dds_msg__rosidl_typesupport_introspection_c.h
-- Symlinking: /workspace/project/.docker/ros2_install/booster_interface/include/booster_interface/booster_interface/msg/detail/hand_param__rosidl_typesupport_introspection_c.h
-- Symlinking: /workspace/project/.docker/ros2_install/booster_interface/include/booster_interface/booster_interface/msg/detail/imu_state__rosidl_typesupport_introspection_c.h
-- Symlinking: /workspace/project/.docker/ros2_install/booster_interface/include/booster_interface/booster_interface/msg/detail/low_cmd__rosidl_typesupport_introspection_c.h
-- Symlinking: /workspace/project/.docker/ros2_install/booster_interface/include/booster_interface/booster_interface/msg/detail/low_state__rosidl_typesupport_introspection_c.h
-- Symlinking: /workspace/project/.docker/ros2_install/booster_interface/include/booster_interface/booster_interface/msg/detail/motor_cmd__rosidl_typesupport_introspection_c.h
-- Symlinking: /workspace/project/.docker/ros2_install/booster_interface/include/booster_interface/booster_interface/msg/detail/motor_state__rosidl_typesupport_introspection_c.h
-- Symlinking: /workspace/project/.docker/ros2_install/booster_interface/include/booster_interface/booster_interface/msg/detail/odometer__rosidl_typesupport_introspection_c.h
-- Symlinking: /workspace/project/.docker/ros2_install/booster_interface/include/booster_interface/booster_interface/msg/detail/prone_body_control_status__rosidl_typesupport_introspection_c.h
-- Symlinking: /workspace/project/.docker/ros2_install/booster_interface/include/booster_interface/booster_interface/msg/detail/raw_bytes_msg__rosidl_typesupport_introspection_c.h
-- Symlinking: /workspace/project/.docker/ros2_install/booster_interface/include/booster_interface/booster_interface/msg/detail/remote_controller_state__rosidl_typesupport_introspection_c.h
-- Symlinking: /workspace/project/.docker/ros2_install/booster_interface/include/booster_interface/booster_interface/msg/detail/robot_replay_traj_id__rosidl_typesupport_introspection_c.h
-- Symlinking: /workspace/project/.docker/ros2_install/booster_interface/include/booster_interface/booster_interface/msg/detail/robot_states_msg__rosidl_typesupport_introspection_c.h
-- Symlinking: /workspace/project/.docker/ros2_install/booster_interface/include/booster_interface/booster_interface/msg/detail/subtitle__rosidl_typesupport_introspection_c.h
-- Symlinking: /workspace/project/.docker/ros2_install/booster_interface/include/booster_interface/booster_interface/msg/rosidl_typesupport_introspection_c__visibility_control.h
-- Symlinking: /workspace/project/.docker/ros2_install/booster_interface/include/booster_interface/booster_interface/srv/detail/agent_service__rosidl_typesupport_introspection_c.h
-- Symlinking: /workspace/project/.docker/ros2_install/booster_interface/include/booster_interface/booster_interface/srv/detail/rpc_service__rosidl_typesupport_introspection_c.h
-- Symlinking: /workspace/project/.docker/ros2_install/booster_interface/include/booster_interface/booster_interface/msg/detail/booster_api_req_msg__rosidl_typesupport_introspection_cpp.hpp
-- Symlinking: /workspace/project/.docker/ros2_install/booster_interface/include/booster_interface/booster_interface/msg/detail/booster_api_resp_msg__rosidl_typesupport_introspection_cpp.hpp
-- Symlinking: /workspace/project/.docker/ros2_install/booster_interface/include/booster_interface/booster_interface/msg/detail/button_event_msg__rosidl_typesupport_introspection_cpp.hpp
-- Symlinking: /workspace/project/.docker/ros2_install/booster_interface/include/booster_interface/booster_interface/msg/detail/fall_down_state__rosidl_typesupport_introspection_cpp.hpp
-- Symlinking: /workspace/project/.docker/ros2_install/booster_interface/include/booster_interface/booster_interface/msg/detail/hand_command__rosidl_typesupport_introspection_cpp.hpp
-- Symlinking: /workspace/project/.docker/ros2_install/booster_interface/include/booster_interface/booster_interface/msg/detail/hand_dds_msg__rosidl_typesupport_introspection_cpp.hpp
-- Symlinking: /workspace/project/.docker/ros2_install/booster_interface/include/booster_interface/booster_interface/msg/detail/hand_param__rosidl_typesupport_introspection_cpp.hpp
-- Symlinking: /workspace/project/.docker/ros2_install/booster_interface/include/booster_interface/booster_interface/msg/detail/imu_state__rosidl_typesupport_introspection_cpp.hpp
-- Symlinking: /workspace/project/.docker/ros2_install/booster_interface/include/booster_interface/booster_interface/msg/detail/low_cmd__rosidl_typesupport_introspection_cpp.hpp
-- Symlinking: /workspace/project/.docker/ros2_install/booster_interface/include/booster_interface/booster_interface/msg/detail/low_state__rosidl_typesupport_introspection_cpp.hpp
-- Symlinking: /workspace/project/.docker/ros2_install/booster_interface/include/booster_interface/booster_interface/msg/detail/motor_cmd__rosidl_typesupport_introspection_cpp.hpp
-- Symlinking: /workspace/project/.docker/ros2_install/booster_interface/include/booster_interface/booster_interface/msg/detail/motor_state__rosidl_typesupport_introspection_cpp.hpp
-- Symlinking: /workspace/project/.docker/ros2_install/booster_interface/include/booster_interface/booster_interface/msg/detail/odometer__rosidl_typesupport_introspection_cpp.hpp
-- Symlinking: /workspace/project/.docker/ros2_install/booster_interface/include/booster_interface/booster_interface/msg/detail/prone_body_control_status__rosidl_typesupport_introspection_cpp.hpp
-- Symlinking: /workspace/project/.docker/ros2_install/booster_interface/include/booster_interface/booster_interface/msg/detail/raw_bytes_msg__rosidl_typesupport_introspection_cpp.hpp
-- Symlinking: /workspace/project/.docker/ros2_install/booster_interface/include/booster_interface/booster_interface/msg/detail/remote_controller_state__rosidl_typesupport_introspection_cpp.hpp
-- Symlinking: /workspace/project/.docker/ros2_install/booster_interface/include/booster_interface/booster_interface/msg/detail/robot_replay_traj_id__rosidl_typesupport_introspection_cpp.hpp
-- Symlinking: /workspace/project/.docker/ros2_install/booster_interface/include/booster_interface/booster_interface/msg/detail/robot_states_msg__rosidl_typesupport_introspection_cpp.hpp
-- Symlinking: /workspace/project/.docker/ros2_install/booster_interface/include/booster_interface/booster_interface/msg/detail/subtitle__rosidl_typesupport_introspection_cpp.hpp
-- Symlinking: /workspace/project/.docker/ros2_install/booster_interface/include/booster_interface/booster_interface/srv/detail/agent_service__rosidl_typesupport_introspection_cpp.hpp
-- Symlinking: /workspace/project/.docker/ros2_install/booster_interface/include/booster_interface/booster_interface/srv/detail/rpc_service__rosidl_typesupport_introspection_cpp.hpp
-- Symlinking: /workspace/project/.docker/ros2_install/booster_interface/share/booster_interface/environment/pythonpath.sh
-- Symlinking: /workspace/project/.docker/ros2_install/booster_interface/share/booster_interface/environment/pythonpath.dsv
-- Symlinking: /workspace/project/.docker/ros2_install/booster_interface/local/lib/python3.10/dist-packages/booster_interface-0.0.0-py3.10.egg-info/PKG-INFO
-- Symlinking: /workspace/project/.docker/ros2_install/booster_interface/local/lib/python3.10/dist-packages/booster_interface-0.0.0-py3.10.egg-info/SOURCES.txt
-- Symlinking: /workspace/project/.docker/ros2_install/booster_interface/local/lib/python3.10/dist-packages/booster_interface-0.0.0-py3.10.egg-info/dependency_links.txt
-- Symlinking: /workspace/project/.docker/ros2_install/booster_interface/local/lib/python3.10/dist-packages/booster_interface-0.0.0-py3.10.egg-info/top_level.txt
-- Symlinking: /workspace/project/.docker/ros2_install/booster_interface/local/lib/python3.10/dist-packages/booster_interface/__init__.py
-- Symlinking: /workspace/project/.docker/ros2_install/booster_interface/local/lib/python3.10/dist-packages/booster_interface/_booster_interface_s.ep.rosidl_typesupport_c.c
-- Symlinking: /workspace/project/.docker/ros2_install/booster_interface/local/lib/python3.10/dist-packages/booster_interface/_booster_interface_s.ep.rosidl_typesupport_fastrtps_c.c
-- Symlinking: /workspace/project/.docker/ros2_install/booster_interface/local/lib/python3.10/dist-packages/booster_interface/_booster_interface_s.ep.rosidl_typesupport_introspection_c.c
-- Symlinking: /workspace/project/.docker/ros2_install/booster_interface/local/lib/python3.10/dist-packages/booster_interface/booster_interface_s__rosidl_typesupport_c.cpython-310-aarch64-linux-gnu.so
-- Symlinking: /workspace/project/.docker/ros2_install/booster_interface/local/lib/python3.10/dist-packages/booster_interface/booster_interface_s__rosidl_typesupport_fastrtps_c.cpython-310-aarch64-linux-gnu.so
-- Symlinking: /workspace/project/.docker/ros2_install/booster_interface/local/lib/python3.10/dist-packages/booster_interface/booster_interface_s__rosidl_typesupport_introspection_c.cpython-310-aarch64-linux-gnu.so
-- Symlinking: /workspace/project/.docker/ros2_install/booster_interface/local/lib/python3.10/dist-packages/booster_interface/libbooster_interface__rosidl_generator_py.so
-- Symlinking: /workspace/project/.docker/ros2_install/booster_interface/local/lib/python3.10/dist-packages/booster_interface/msg/__init__.py
-- Symlinking: /workspace/project/.docker/ros2_install/booster_interface/local/lib/python3.10/dist-packages/booster_interface/msg/_booster_api_req_msg.py
-- Symlinking: /workspace/project/.docker/ros2_install/booster_interface/local/lib/python3.10/dist-packages/booster_interface/msg/_booster_api_req_msg_s.c
-- Symlinking: /workspace/project/.docker/ros2_install/booster_interface/local/lib/python3.10/dist-packages/booster_interface/msg/_booster_api_resp_msg.py
-- Symlinking: /workspace/project/.docker/ros2_install/booster_interface/local/lib/python3.10/dist-packages/booster_interface/msg/_booster_api_resp_msg_s.c
-- Symlinking: /workspace/project/.docker/ros2_install/booster_interface/local/lib/python3.10/dist-packages/booster_interface/msg/_button_event_msg.py
-- Symlinking: /workspace/project/.docker/ros2_install/booster_interface/local/lib/python3.10/dist-packages/booster_interface/msg/_button_event_msg_s.c
-- Symlinking: /workspace/project/.docker/ros2_install/booster_interface/local/lib/python3.10/dist-packages/booster_interface/msg/_fall_down_state.py
-- Symlinking: /workspace/project/.docker/ros2_install/booster_interface/local/lib/python3.10/dist-packages/booster_interface/msg/_fall_down_state_s.c
-- Symlinking: /workspace/project/.docker/ros2_install/booster_interface/local/lib/python3.10/dist-packages/booster_interface/msg/_hand_command.py
-- Symlinking: /workspace/project/.docker/ros2_install/booster_interface/local/lib/python3.10/dist-packages/booster_interface/msg/_hand_command_s.c
-- Symlinking: /workspace/project/.docker/ros2_install/booster_interface/local/lib/python3.10/dist-packages/booster_interface/msg/_hand_dds_msg.py
-- Symlinking: /workspace/project/.docker/ros2_install/booster_interface/local/lib/python3.10/dist-packages/booster_interface/msg/_hand_dds_msg_s.c
-- Symlinking: /workspace/project/.docker/ros2_install/booster_interface/local/lib/python3.10/dist-packages/booster_interface/msg/_hand_param.py
-- Symlinking: /workspace/project/.docker/ros2_install/booster_interface/local/lib/python3.10/dist-packages/booster_interface/msg/_hand_param_s.c
-- Symlinking: /workspace/project/.docker/ros2_install/booster_interface/local/lib/python3.10/dist-packages/booster_interface/msg/_imu_state.py
-- Symlinking: /workspace/project/.docker/ros2_install/booster_interface/local/lib/python3.10/dist-packages/booster_interface/msg/_imu_state_s.c
-- Symlinking: /workspace/project/.docker/ros2_install/booster_interface/local/lib/python3.10/dist-packages/booster_interface/msg/_low_cmd.py
-- Symlinking: /workspace/project/.docker/ros2_install/booster_interface/local/lib/python3.10/dist-packages/booster_interface/msg/_low_cmd_s.c
-- Symlinking: /workspace/project/.docker/ros2_install/booster_interface/local/lib/python3.10/dist-packages/booster_interface/msg/_low_state.py
-- Symlinking: /workspace/project/.docker/ros2_install/booster_interface/local/lib/python3.10/dist-packages/booster_interface/msg/_low_state_s.c
-- Symlinking: /workspace/project/.docker/ros2_install/booster_interface/local/lib/python3.10/dist-packages/booster_interface/msg/_motor_cmd.py
-- Symlinking: /workspace/project/.docker/ros2_install/booster_interface/local/lib/python3.10/dist-packages/booster_interface/msg/_motor_cmd_s.c
-- Symlinking: /workspace/project/.docker/ros2_install/booster_interface/local/lib/python3.10/dist-packages/booster_interface/msg/_motor_state.py
-- Symlinking: /workspace/project/.docker/ros2_install/booster_interface/local/lib/python3.10/dist-packages/booster_interface/msg/_motor_state_s.c
-- Symlinking: /workspace/project/.docker/ros2_install/booster_interface/local/lib/python3.10/dist-packages/booster_interface/msg/_odometer.py
-- Symlinking: /workspace/project/.docker/ros2_install/booster_interface/local/lib/python3.10/dist-packages/booster_interface/msg/_odometer_s.c
-- Symlinking: /workspace/project/.docker/ros2_install/booster_interface/local/lib/python3.10/dist-packages/booster_interface/msg/_prone_body_control_status.py
-- Symlinking: /workspace/project/.docker/ros2_install/booster_interface/local/lib/python3.10/dist-packages/booster_interface/msg/_prone_body_control_status_s.c
-- Symlinking: /workspace/project/.docker/ros2_install/booster_interface/local/lib/python3.10/dist-packages/booster_interface/msg/_raw_bytes_msg.py
-- Symlinking: /workspace/project/.docker/ros2_install/booster_interface/local/lib/python3.10/dist-packages/booster_interface/msg/_raw_bytes_msg_s.c
-- Symlinking: /workspace/project/.docker/ros2_install/booster_interface/local/lib/python3.10/dist-packages/booster_interface/msg/_remote_controller_state.py
-- Symlinking: /workspace/project/.docker/ros2_install/booster_interface/local/lib/python3.10/dist-packages/booster_interface/msg/_remote_controller_state_s.c
-- Symlinking: /workspace/project/.docker/ros2_install/booster_interface/local/lib/python3.10/dist-packages/booster_interface/msg/_robot_replay_traj_id.py
-- Symlinking: /workspace/project/.docker/ros2_install/booster_interface/local/lib/python3.10/dist-packages/booster_interface/msg/_robot_replay_traj_id_s.c
-- Symlinking: /workspace/project/.docker/ros2_install/booster_interface/local/lib/python3.10/dist-packages/booster_interface/msg/_robot_states_msg.py
-- Symlinking: /workspace/project/.docker/ros2_install/booster_interface/local/lib/python3.10/dist-packages/booster_interface/msg/_robot_states_msg_s.c
-- Symlinking: /workspace/project/.docker/ros2_install/booster_interface/local/lib/python3.10/dist-packages/booster_interface/msg/_subtitle.py
-- Symlinking: /workspace/project/.docker/ros2_install/booster_interface/local/lib/python3.10/dist-packages/booster_interface/msg/_subtitle_s.c
-- Symlinking: /workspace/project/.docker/ros2_install/booster_interface/local/lib/python3.10/dist-packages/booster_interface/srv/__init__.py
-- Symlinking: /workspace/project/.docker/ros2_install/booster_interface/local/lib/python3.10/dist-packages/booster_interface/srv/_agent_service.py
-- Symlinking: /workspace/project/.docker/ros2_install/booster_interface/local/lib/python3.10/dist-packages/booster_interface/srv/_agent_service_s.c
-- Symlinking: /workspace/project/.docker/ros2_install/booster_interface/local/lib/python3.10/dist-packages/booster_interface/srv/_rpc_service.py
-- Symlinking: /workspace/project/.docker/ros2_install/booster_interface/local/lib/python3.10/dist-packages/booster_interface/srv/_rpc_service_s.c
-- Up-to-date symlink: /workspace/project/.docker/ros2_install/booster_interface/local/lib/python3.10/dist-packages/booster_interface/booster_interface_s__rosidl_typesupport_fastrtps_c.cpython-310-aarch64-linux-gnu.so
-- Up-to-date symlink: /workspace/project/.docker/ros2_install/booster_interface/local/lib/python3.10/dist-packages/booster_interface/booster_interface_s__rosidl_typesupport_introspection_c.cpython-310-aarch64-linux-gnu.so
-- Up-to-date symlink: /workspace/project/.docker/ros2_install/booster_interface/local/lib/python3.10/dist-packages/booster_interface/booster_interface_s__rosidl_typesupport_c.cpython-310-aarch64-linux-gnu.so
-- Symlinking: /workspace/project/.docker/ros2_install/booster_interface/share/ament_index/resource_index/rust_packages/booster_interface
-- Symlinking: /workspace/project/.docker/ros2_install/booster_interface/share/booster_interface/rust/Cargo.toml
-- Symlinking: /workspace/project/.docker/ros2_install/booster_interface/share/booster_interface/rust/build.rs
-- Symlinking: /workspace/project/.docker/ros2_install/booster_interface/share/booster_interface/rust/src/lib.rs
-- Symlinking: /workspace/project/.docker/ros2_install/booster_interface/share/booster_interface/rust/src/msg.rs
-- Symlinking: /workspace/project/.docker/ros2_install/booster_interface/share/booster_interface/rust/src/msg/rmw.rs
-- Symlinking: /workspace/project/.docker/ros2_install/booster_interface/share/booster_interface/rust/src/srv.rs
-- Symlinking: /workspace/project/.docker/ros2_install/booster_interface/share/booster_interface/rust/src/srv/rmw.rs
-- Symlinking: /workspace/project/.docker/ros2_install/booster_interface/share/booster_interface/msg/BoosterApiReqMsg.idl
-- Symlinking: /workspace/project/.docker/ros2_install/booster_interface/share/booster_interface/msg/BoosterApiRespMsg.idl
-- Symlinking: /workspace/project/.docker/ros2_install/booster_interface/share/booster_interface/msg/ButtonEventMsg.idl
-- Symlinking: /workspace/project/.docker/ros2_install/booster_interface/share/booster_interface/msg/MotorState.idl
-- Symlinking: /workspace/project/.docker/ros2_install/booster_interface/share/booster_interface/msg/MotorCmd.idl
-- Symlinking: /workspace/project/.docker/ros2_install/booster_interface/share/booster_interface/msg/LowCmd.idl
-- Symlinking: /workspace/project/.docker/ros2_install/booster_interface/share/booster_interface/msg/ImuState.idl
-- Symlinking: /workspace/project/.docker/ros2_install/booster_interface/share/booster_interface/msg/LowState.idl
-- Symlinking: /workspace/project/.docker/ros2_install/booster_interface/share/booster_interface/msg/RawBytesMsg.idl
-- Symlinking: /workspace/project/.docker/ros2_install/booster_interface/share/booster_interface/msg/Odometer.idl
-- Symlinking: /workspace/project/.docker/ros2_install/booster_interface/share/booster_interface/msg/FallDownState.idl
-- Symlinking: /workspace/project/.docker/ros2_install/booster_interface/share/booster_interface/msg/RemoteControllerState.idl
-- Symlinking: /workspace/project/.docker/ros2_install/booster_interface/share/booster_interface/msg/HandCommand.idl
-- Symlinking: /workspace/project/.docker/ros2_install/booster_interface/share/booster_interface/msg/HandDdsMsg.idl
-- Symlinking: /workspace/project/.docker/ros2_install/booster_interface/share/booster_interface/msg/HandParam.idl
-- Symlinking: /workspace/project/.docker/ros2_install/booster_interface/share/booster_interface/msg/ProneBodyControlStatus.idl
-- Symlinking: /workspace/project/.docker/ros2_install/booster_interface/share/booster_interface/msg/RobotStatesMsg.idl
-- Symlinking: /workspace/project/.docker/ros2_install/booster_interface/share/booster_interface/msg/RobotReplayTrajID.idl
-- Symlinking: /workspace/project/.docker/ros2_install/booster_interface/share/booster_interface/msg/Subtitle.idl
-- Symlinking: /workspace/project/.docker/ros2_install/booster_interface/share/booster_interface/srv/RpcService.idl
-- Symlinking: /workspace/project/.docker/ros2_install/booster_interface/share/booster_interface/srv/AgentService.idl
-- Symlinking: /workspace/project/.docker/ros2_install/booster_interface/share/booster_interface/msg/BoosterApiReqMsg.msg
-- Symlinking: /workspace/project/.docker/ros2_install/booster_interface/share/booster_interface/msg/BoosterApiRespMsg.msg
-- Symlinking: /workspace/project/.docker/ros2_install/booster_interface/share/booster_interface/msg/ButtonEventMsg.msg
-- Symlinking: /workspace/project/.docker/ros2_install/booster_interface/share/booster_interface/msg/MotorState.msg
-- Symlinking: /workspace/project/.docker/ros2_install/booster_interface/share/booster_interface/msg/MotorCmd.msg
-- Symlinking: /workspace/project/.docker/ros2_install/booster_interface/share/booster_interface/msg/LowCmd.msg
-- Symlinking: /workspace/project/.docker/ros2_install/booster_interface/share/booster_interface/msg/ImuState.msg
-- Symlinking: /workspace/project/.docker/ros2_install/booster_interface/share/booster_interface/msg/LowState.msg
-- Symlinking: /workspace/project/.docker/ros2_install/booster_interface/share/booster_interface/msg/RawBytesMsg.msg
-- Symlinking: /workspace/project/.docker/ros2_install/booster_interface/share/booster_interface/msg/Odometer.msg
-- Symlinking: /workspace/project/.docker/ros2_install/booster_interface/share/booster_interface/msg/FallDownState.msg
-- Symlinking: /workspace/project/.docker/ros2_install/booster_interface/share/booster_interface/msg/RemoteControllerState.msg
-- Symlinking: /workspace/project/.docker/ros2_install/booster_interface/share/booster_interface/msg/HandCommand.msg
-- Symlinking: /workspace/project/.docker/ros2_install/booster_interface/share/booster_interface/msg/HandDdsMsg.msg
-- Symlinking: /workspace/project/.docker/ros2_install/booster_interface/share/booster_interface/msg/HandParam.msg
-- Symlinking: /workspace/project/.docker/ros2_install/booster_interface/share/booster_interface/msg/ProneBodyControlStatus.msg
-- Symlinking: /workspace/project/.docker/ros2_install/booster_interface/share/booster_interface/msg/RobotStatesMsg.msg
-- Symlinking: /workspace/project/.docker/ros2_install/booster_interface/share/booster_interface/msg/RobotReplayTrajID.msg
-- Symlinking: /workspace/project/.docker/ros2_install/booster_interface/share/booster_interface/msg/Subtitle.msg
-- Symlinking: /workspace/project/.docker/ros2_install/booster_interface/share/booster_interface/srv/RpcService.srv
-- Symlinking: /workspace/project/.docker/ros2_install/booster_interface/share/booster_interface/srv/RpcService_Request.msg
-- Symlinking: /workspace/project/.docker/ros2_install/booster_interface/share/booster_interface/srv/RpcService_Response.msg
-- Symlinking: /workspace/project/.docker/ros2_install/booster_interface/share/booster_interface/srv/AgentService.srv
-- Symlinking: /workspace/project/.docker/ros2_install/booster_interface/share/booster_interface/srv/AgentService_Request.msg
-- Symlinking: /workspace/project/.docker/ros2_install/booster_interface/share/booster_interface/srv/AgentService_Response.msg
-- Symlinking: /workspace/project/.docker/ros2_install/booster_interface/include//booster_interface/booster_interface/message_utils.hpp
-- Symlinking: /workspace/project/.docker/ros2_install/booster_interface/include//booster_interface/booster_interface/third_party/nlohmann_json/json.hpp
-- Symlinking: /workspace/project/.docker/ros2_install/booster_interface/share/ament_index/resource_index/package_run_dependencies/booster_interface
-- Symlinking: /workspace/project/.docker/ros2_install/booster_interface/share/ament_index/resource_index/parent_prefix_path/booster_interface
-- Symlinking: /workspace/project/.docker/ros2_install/booster_interface/share/booster_interface/environment/ament_prefix_path.sh
-- Symlinking: /workspace/project/.docker/ros2_install/booster_interface/share/booster_interface/environment/ament_prefix_path.dsv
-- Symlinking: /workspace/project/.docker/ros2_install/booster_interface/share/booster_interface/environment/path.sh
-- Symlinking: /workspace/project/.docker/ros2_install/booster_interface/share/booster_interface/environment/path.dsv
-- Symlinking: /workspace/project/.docker/ros2_install/booster_interface/share/booster_interface/local_setup.bash
-- Symlinking: /workspace/project/.docker/ros2_install/booster_interface/share/booster_interface/local_setup.sh
-- Symlinking: /workspace/project/.docker/ros2_install/booster_interface/share/booster_interface/local_setup.zsh
-- Symlinking: /workspace/project/.docker/ros2_install/booster_interface/share/booster_interface/local_setup.dsv
-- Symlinking: /workspace/project/.docker/ros2_install/booster_interface/share/booster_interface/package.dsv
-- Symlinking: /workspace/project/.docker/ros2_install/booster_interface/share/ament_index/resource_index/packages/booster_interface
-- Symlinking: /workspace/project/.docker/ros2_install/booster_interface/share/booster_interface/cmake/rosidl_cmake-extras.cmake
-- Symlinking: /workspace/project/.docker/ros2_install/booster_interface/share/booster_interface/cmake/ament_cmake_export_include_directories-extras.cmake
-- Symlinking: /workspace/project/.docker/ros2_install/booster_interface/share/booster_interface/cmake/ament_cmake_export_libraries-extras.cmake
-- Symlinking: /workspace/project/.docker/ros2_install/booster_interface/share/booster_interface/cmake/ament_cmake_export_targets-extras.cmake
-- Symlinking: /workspace/project/.docker/ros2_install/booster_interface/share/booster_interface/cmake/rosidl_cmake_export_typesupport_targets-extras.cmake
-- Symlinking: /workspace/project/.docker/ros2_install/booster_interface/share/booster_interface/cmake/ament_cmake_export_dependencies-extras.cmake
-- Symlinking: /workspace/project/.docker/ros2_install/booster_interface/share/booster_interface/cmake/rosidl_cmake_export_typesupport_libraries-extras.cmake
-- Symlinking: /workspace/project/.docker/ros2_install/booster_interface/share/booster_interface/cmake/booster_interfaceConfig.cmake
-- Symlinking: /workspace/project/.docker/ros2_install/booster_interface/share/booster_interface/cmake/booster_interfaceConfig-version.cmake
-- Symlinking: /workspace/project/.docker/ros2_install/booster_interface/share/booster_interface/package.xml
-- Installing: /workspace/project/.docker/ros2_install/booster_interface/lib/libbooster_interface__rosidl_generator_c.so
-- Set runtime path of "/workspace/project/.docker/ros2_install/booster_interface/lib/libbooster_interface__rosidl_generator_c.so" to ""
-- Installing: /workspace/project/.docker/ros2_install/booster_interface/lib/libbooster_interface__rosidl_typesupport_fastrtps_c.so
-- Set runtime path of "/workspace/project/.docker/ros2_install/booster_interface/lib/libbooster_interface__rosidl_typesupport_fastrtps_c.so" to ""
-- Installing: /workspace/project/.docker/ros2_install/booster_interface/lib/libbooster_interface__rosidl_typesupport_fastrtps_cpp.so
-- Set runtime path of "/workspace/project/.docker/ros2_install/booster_interface/lib/libbooster_interface__rosidl_typesupport_fastrtps_cpp.so" to ""
-- Installing: /workspace/project/.docker/ros2_install/booster_interface/lib/libbooster_interface__rosidl_typesupport_introspection_c.so
-- Set runtime path of "/workspace/project/.docker/ros2_install/booster_interface/lib/libbooster_interface__rosidl_typesupport_introspection_c.so" to ""
-- Installing: /workspace/project/.docker/ros2_install/booster_interface/lib/libbooster_interface__rosidl_typesupport_c.so
-- Set runtime path of "/workspace/project/.docker/ros2_install/booster_interface/lib/libbooster_interface__rosidl_typesupport_c.so" to ""
-- Installing: /workspace/project/.docker/ros2_install/booster_interface/lib/libbooster_interface__rosidl_typesupport_introspection_cpp.so
-- Set runtime path of "/workspace/project/.docker/ros2_install/booster_interface/lib/libbooster_interface__rosidl_typesupport_introspection_cpp.so" to ""
-- Installing: /workspace/project/.docker/ros2_install/booster_interface/lib/libbooster_interface__rosidl_typesupport_cpp.so
-- Set runtime path of "/workspace/project/.docker/ros2_install/booster_interface/lib/libbooster_interface__rosidl_typesupport_cpp.so" to ""
Listing '/workspace/project/.docker/ros2_install/booster_interface/local/lib/python3.10/dist-packages/booster_interface'...
Compiling '/workspace/project/.docker/ros2_install/booster_interface/local/lib/python3.10/dist-packages/booster_interface/__init__.py'...
Listing '/workspace/project/.docker/ros2_install/booster_interface/local/lib/python3.10/dist-packages/booster_interface/msg'...
Compiling '/workspace/project/.docker/ros2_install/booster_interface/local/lib/python3.10/dist-packages/booster_interface/msg/__init__.py'...
Compiling '/workspace/project/.docker/ros2_install/booster_interface/local/lib/python3.10/dist-packages/booster_interface/msg/_booster_api_req_msg.py'...
Compiling '/workspace/project/.docker/ros2_install/booster_interface/local/lib/python3.10/dist-packages/booster_interface/msg/_booster_api_resp_msg.py'...
Compiling '/workspace/project/.docker/ros2_install/booster_interface/local/lib/python3.10/dist-packages/booster_interface/msg/_button_event_msg.py'...
Compiling '/workspace/project/.docker/ros2_install/booster_interface/local/lib/python3.10/dist-packages/booster_interface/msg/_fall_down_state.py'...
Compiling '/workspace/project/.docker/ros2_install/booster_interface/local/lib/python3.10/dist-packages/booster_interface/msg/_hand_command.py'...
Compiling '/workspace/project/.docker/ros2_install/booster_interface/local/lib/python3.10/dist-packages/booster_interface/msg/_hand_dds_msg.py'...
Compiling '/workspace/project/.docker/ros2_install/booster_interface/local/lib/python3.10/dist-packages/booster_interface/msg/_hand_param.py'...
Compiling '/workspace/project/.docker/ros2_install/booster_interface/local/lib/python3.10/dist-packages/booster_interface/msg/_imu_state.py'...
Compiling '/workspace/project/.docker/ros2_install/booster_interface/local/lib/python3.10/dist-packages/booster_interface/msg/_low_cmd.py'...
Compiling '/workspace/project/.docker/ros2_install/booster_interface/local/lib/python3.10/dist-packages/booster_interface/msg/_low_state.py'...
Compiling '/workspace/project/.docker/ros2_install/booster_interface/local/lib/python3.10/dist-packages/booster_interface/msg/_motor_cmd.py'...
Compiling '/workspace/project/.docker/ros2_install/booster_interface/local/lib/python3.10/dist-packages/booster_interface/msg/_motor_state.py'...
Compiling '/workspace/project/.docker/ros2_install/booster_interface/local/lib/python3.10/dist-packages/booster_interface/msg/_odometer.py'...
Compiling '/workspace/project/.docker/ros2_install/booster_interface/local/lib/python3.10/dist-packages/booster_interface/msg/_prone_body_control_status.py'...
Compiling '/workspace/project/.docker/ros2_install/booster_interface/local/lib/python3.10/dist-packages/booster_interface/msg/_raw_bytes_msg.py'...
Compiling '/workspace/project/.docker/ros2_install/booster_interface/local/lib/python3.10/dist-packages/booster_interface/msg/_remote_controller_state.py'...
Compiling '/workspace/project/.docker/ros2_install/booster_interface/local/lib/python3.10/dist-packages/booster_interface/msg/_robot_replay_traj_id.py'...
Compiling '/workspace/project/.docker/ros2_install/booster_interface/local/lib/python3.10/dist-packages/booster_interface/msg/_robot_states_msg.py'...
Compiling '/workspace/project/.docker/ros2_install/booster_interface/local/lib/python3.10/dist-packages/booster_interface/msg/_subtitle.py'...
Listing '/workspace/project/.docker/ros2_install/booster_interface/local/lib/python3.10/dist-packages/booster_interface/srv'...
Compiling '/workspace/project/.docker/ros2_install/booster_interface/local/lib/python3.10/dist-packages/booster_interface/srv/__init__.py'...
Compiling '/workspace/project/.docker/ros2_install/booster_interface/local/lib/python3.10/dist-packages/booster_interface/srv/_agent_service.py'...
Compiling '/workspace/project/.docker/ros2_install/booster_interface/local/lib/python3.10/dist-packages/booster_interface/srv/_rpc_service.py'...
-- Installing: /workspace/project/.docker/ros2_install/booster_interface/lib/libbooster_interface__rosidl_generator_py.so
-- Set runtime path of "/workspace/project/.docker/ros2_install/booster_interface/lib/libbooster_interface__rosidl_generator_py.so" to ""
-- Installing: /workspace/project/.docker/ros2_install/booster_interface/share/booster_interface/cmake/export_booster_interface__rosidl_generator_cExport.cmake
-- Installing: /workspace/project/.docker/ros2_install/booster_interface/share/booster_interface/cmake/export_booster_interface__rosidl_generator_cExport-noconfig.cmake
-- Installing: /workspace/project/.docker/ros2_install/booster_interface/share/booster_interface/cmake/export_booster_interface__rosidl_typesupport_fastrtps_cExport.cmake
-- Installing: /workspace/project/.docker/ros2_install/booster_interface/share/booster_interface/cmake/export_booster_interface__rosidl_typesupport_fastrtps_cExport-noconfig.cmake
-- Installing: /workspace/project/.docker/ros2_install/booster_interface/share/booster_interface/cmake/export_booster_interface__rosidl_generator_cppExport.cmake
-- Installing: /workspace/project/.docker/ros2_install/booster_interface/share/booster_interface/cmake/export_booster_interface__rosidl_typesupport_fastrtps_cppExport.cmake
-- Installing: /workspace/project/.docker/ros2_install/booster_interface/share/booster_interface/cmake/export_booster_interface__rosidl_typesupport_fastrtps_cppExport-noconfig.cmake
-- Installing: /workspace/project/.docker/ros2_install/booster_interface/share/booster_interface/cmake/booster_interface__rosidl_typesupport_introspection_cExport.cmake
-- Installing: /workspace/project/.docker/ros2_install/booster_interface/share/booster_interface/cmake/booster_interface__rosidl_typesupport_introspection_cExport-noconfig.cmake
-- Installing: /workspace/project/.docker/ros2_install/booster_interface/share/booster_interface/cmake/booster_interface__rosidl_typesupport_cExport.cmake
-- Installing: /workspace/project/.docker/ros2_install/booster_interface/share/booster_interface/cmake/booster_interface__rosidl_typesupport_cExport-noconfig.cmake
-- Installing: /workspace/project/.docker/ros2_install/booster_interface/share/booster_interface/cmake/booster_interface__rosidl_typesupport_introspection_cppExport.cmake
-- Installing: /workspace/project/.docker/ros2_install/booster_interface/share/booster_interface/cmake/booster_interface__rosidl_typesupport_introspection_cppExport-noconfig.cmake
-- Installing: /workspace/project/.docker/ros2_install/booster_interface/share/booster_interface/cmake/booster_interface__rosidl_typesupport_cppExport.cmake
-- Installing: /workspace/project/.docker/ros2_install/booster_interface/share/booster_interface/cmake/booster_interface__rosidl_typesupport_cppExport-noconfig.cmake
-- Installing: /workspace/project/.docker/ros2_install/booster_interface/share/booster_interface/cmake/export_booster_interface__rosidl_generator_pyExport.cmake
-- Installing: /workspace/project/.docker/ros2_install/booster_interface/share/booster_interface/cmake/export_booster_interface__rosidl_generator_pyExport-noconfig.cmake
