[0.000000] (-) TimerEvent: {}
[0.000236] (booster_interface) JobQueued: {'identifier': 'booster_interface', 'dependencies': OrderedDict()}
[0.000324] (booster_t1_webots_test) JobQueued: {'identifier': 'booster_t1_webots_test', 'dependencies': OrderedDict([('booster_interface', '/workspace/project/.docker/ros2_install/booster_interface')])}
[0.002252] (booster_interface) JobStarted: {'identifier': 'booster_interface'}
[0.011275] (booster_interface) JobProgress: {'identifier': 'booster_interface', 'progress': 'cmake'}
[0.014478] (booster_interface) Command: {'cmd': ['/usr/bin/cmake', '/workspace/project/ros2_ws/src/booster_ros2_interface', '-DAMENT_CMAKE_SYMLINK_INSTALL=1', '-DCMAKE_INSTALL_PREFIX=/workspace/project/.docker/ros2_install/booster_interface'], 'cwd': '/workspace/project/.docker/ros2_build/booster_interface', 'env': OrderedDict([('USER', 'booster'), ('HOSTNAME', '7786582c22bd'), ('SHLVL', '0'), ('LD_LIBRARY_PATH', '/opt/ros/humble/opt/rviz_ogre_vendor/lib:/opt/ros/humble/lib/aarch64-linux-gnu:/opt/ros/humble/lib'), ('HOME', '/workspace/project/.docker/home'), ('OLDPWD', '/workspace/project/ros2_ws'), ('ROS_PYTHON_VERSION', '3'), ('MAKEFLAGS', '-j8'), ('ROS_DISTRO', 'humble'), ('_', '/usr/bin/colcon'), ('ROS_VERSION', '2'), ('WEBOTS_PORT', '1234'), ('ROBOT_NAME', 'T1_release'), ('ROS_LOCALHOST_ONLY', '0'), ('PATH', '/opt/ros/humble/bin:/usr/local/sbin:/usr/local/bin:/usr/sbin:/usr/bin:/sbin:/bin'), ('DISPLAY', ''), ('LANG', 'C.UTF-8'), ('WEBOTS_HOST_IP', 'host.docker.internal'), ('AMENT_PREFIX_PATH', '/opt/ros/humble'), ('DEBIAN_FRONTEND', 'noninteractive'), ('PWD', '/workspace/project/.docker/ros2_build/booster_interface'), ('LC_ALL', 'C.UTF-8'), ('PYTHONPATH', '/opt/ros/humble/lib/python3.10/site-packages:/opt/ros/humble/local/lib/python3.10/dist-packages'), ('COLCON', '1'), ('CMAKE_PREFIX_PATH', '/opt/ros/humble')]), 'shell': False}
[0.098813] (-) TimerEvent: {}
[0.195549] (booster_interface) StdoutLine: {'line': b'-- The C compiler identification is GNU 11.4.0\n'}
[0.199798] (-) TimerEvent: {}
[0.275083] (booster_interface) StdoutLine: {'line': b'-- The CXX compiler identification is GNU 11.4.0\n'}
[0.284511] (booster_interface) StdoutLine: {'line': b'-- Detecting C compiler ABI info\n'}
[0.300827] (-) TimerEvent: {}
[0.370516] (booster_interface) StdoutLine: {'line': b'-- Detecting C compiler ABI info - done\n'}
[0.378685] (booster_interface) StdoutLine: {'line': b'-- Check for working C compiler: /usr/bin/cc - skipped\n'}
[0.379111] (booster_interface) StdoutLine: {'line': b'-- Detecting C compile features\n'}
[0.379586] (booster_interface) StdoutLine: {'line': b'-- Detecting C compile features - done\n'}
[0.384150] (booster_interface) StdoutLine: {'line': b'-- Detecting CXX compiler ABI info\n'}
[0.401910] (-) TimerEvent: {}
[0.471309] (booster_interface) StdoutLine: {'line': b'-- Detecting CXX compiler ABI info - done\n'}
[0.478444] (booster_interface) StdoutLine: {'line': b'-- Check for working CXX compiler: /usr/bin/c++ - skipped\n'}
[0.478692] (booster_interface) StdoutLine: {'line': b'-- Detecting CXX compile features\n'}
[0.479025] (booster_interface) StdoutLine: {'line': b'-- Detecting CXX compile features - done\n'}
[0.485603] (booster_interface) StdoutLine: {'line': b'-- Found ament_cmake: 1.3.14 (/opt/ros/humble/share/ament_cmake/cmake)\n'}
[0.503047] (-) TimerEvent: {}
[0.559650] (booster_interface) StdoutLine: {'line': b'-- Found Python3: /usr/bin/python3 (found version "3.10.12") found components: Interpreter \n'}
[0.603821] (-) TimerEvent: {}
[0.606580] (booster_interface) StdoutLine: {'line': b'-- Override CMake install command with custom implementation using symlinks instead of copying resources\n'}
[0.637380] (booster_interface) StdoutLine: {'line': b'-- Found rclcpp: 16.0.19 (/opt/ros/humble/share/rclcpp/cmake)\n'}
[0.672171] (booster_interface) StdoutLine: {'line': b'-- Found rosidl_generator_c: 3.1.8 (/opt/ros/humble/share/rosidl_generator_c/cmake)\n'}
[0.676310] (booster_interface) StdoutLine: {'line': b'-- Found rosidl_adapter: 3.1.8 (/opt/ros/humble/share/rosidl_adapter/cmake)\n'}
[0.682633] (booster_interface) StdoutLine: {'line': b'-- Found rosidl_generator_cpp: 3.1.8 (/opt/ros/humble/share/rosidl_generator_cpp/cmake)\n'}
[0.693325] (booster_interface) StdoutLine: {'line': b'-- Using all available rosidl_typesupport_c: rosidl_typesupport_fastrtps_c;rosidl_typesupport_introspection_c\n'}
[0.704853] (-) TimerEvent: {}
[0.705766] (booster_interface) StdoutLine: {'line': b'-- Using all available rosidl_typesupport_cpp: rosidl_typesupport_fastrtps_cpp;rosidl_typesupport_introspection_cpp\n'}
[0.739620] (booster_interface) StdoutLine: {'line': b'-- Found rmw_implementation_cmake: 6.1.2 (/opt/ros/humble/share/rmw_implementation_cmake/cmake)\n'}
[0.742119] (booster_interface) StdoutLine: {'line': b'-- Found rmw_fastrtps_cpp: 6.2.10 (/opt/ros/humble/share/rmw_fastrtps_cpp/cmake)\n'}
[0.805864] (-) TimerEvent: {}
[0.810045] (booster_interface) StdoutLine: {'line': b'-- Found OpenSSL: /usr/lib/aarch64-linux-gnu/libcrypto.so (found version "3.0.2")  \n'}
[0.826256] (booster_interface) StdoutLine: {'line': b'-- Found FastRTPS: /opt/ros/humble/include  \n'}
[0.850143] (booster_interface) StdoutLine: {'line': b"-- Using RMW implementation 'rmw_fastrtps_cpp' as default\n"}
[0.859352] (booster_interface) StdoutLine: {'line': b'-- Looking for pthread.h\n'}
[0.906833] (-) TimerEvent: {}
[0.938827] (booster_interface) StdoutLine: {'line': b'-- Looking for pthread.h - found\n'}
[0.940226] (booster_interface) StdoutLine: {'line': b'-- Performing Test CMAKE_HAVE_LIBC_PTHREAD\n'}
[1.007874] (-) TimerEvent: {}
[1.014407] (booster_interface) StdoutLine: {'line': b'-- Performing Test CMAKE_HAVE_LIBC_PTHREAD - Success\n'}
[1.015706] (booster_interface) StdoutLine: {'line': b'-- Found Threads: TRUE  \n'}
[1.061777] (booster_interface) StdoutLine: {'line': b'-- Found rosidl_default_generators: 1.2.1 (/opt/ros/humble/share/rosidl_default_generators/cmake)\n'}
[1.108873] (-) TimerEvent: {}
[1.210024] (-) TimerEvent: {}
[1.310850] (-) TimerEvent: {}
[1.407378] (booster_interface) StdoutLine: {'line': b'-- Found ament_cmake_ros: 0.10.0 (/opt/ros/humble/share/ament_cmake_ros/cmake)\n'}
[1.412000] (-) TimerEvent: {}
[1.512838] (-) TimerEvent: {}
[1.613847] (-) TimerEvent: {}
[1.648827] (booster_interface) StdoutLine: {'line': b'-- Using all available rosidl_typesupport_c: rosidl_typesupport_fastrtps_c;rosidl_typesupport_introspection_c\n'}
[1.714813] (-) TimerEvent: {}
[1.736775] (booster_interface) StdoutLine: {'line': b'-- Using all available rosidl_typesupport_cpp: rosidl_typesupport_fastrtps_cpp;rosidl_typesupport_introspection_cpp\n'}
[1.749373] (booster_interface) StdoutLine: {'line': b'-- Found PythonInterp: /usr/bin/python3 (found suitable version "3.10.12", minimum required is "3.6") \n'}
[1.751494] (booster_interface) StdoutLine: {'line': b'-- Found python_cmake_module: 0.10.0 (/opt/ros/humble/share/python_cmake_module/cmake)\n'}
[1.768175] (booster_interface) StdoutLine: {'line': b'-- Found PythonLibs: /usr/lib/aarch64-linux-gnu/libpython3.10.so (found suitable version "3.10.12", minimum required is "3.5") \n'}
[1.768727] (booster_interface) StdoutLine: {'line': b'-- Using PYTHON_EXECUTABLE: /usr/bin/python3\n'}
[1.769089] (booster_interface) StdoutLine: {'line': b'-- Using PYTHON_INCLUDE_DIRS: /usr/include/python3.10\n'}
[1.769341] (booster_interface) StdoutLine: {'line': b'-- Using PYTHON_LIBRARIES: /usr/lib/aarch64-linux-gnu/libpython3.10.so\n'}
[1.779175] (booster_interface) StdoutLine: {'line': b'-- Found PythonExtra: .so  \n'}
[1.815827] (-) TimerEvent: {}
[1.916868] (-) TimerEvent: {}
[1.999567] (booster_interface) StdoutLine: {'line': b'-- Configuring done\n'}
[2.017832] (-) TimerEvent: {}
[2.118837] (-) TimerEvent: {}
[2.219850] (-) TimerEvent: {}
[2.320870] (-) TimerEvent: {}
[2.330993] (booster_interface) StdoutLine: {'line': b'-- Generating done\n'}
[2.402961] (booster_interface) StdoutLine: {'line': b'-- Build files have been written to: /workspace/project/.docker/ros2_build/booster_interface\n'}
[2.409202] (booster_interface) CommandEnded: {'returncode': 0}
[2.410137] (booster_interface) JobProgress: {'identifier': 'booster_interface', 'progress': 'build'}
[2.410776] (booster_interface) Command: {'cmd': ['/usr/bin/cmake', '--build', '/workspace/project/.docker/ros2_build/booster_interface'], 'cwd': '/workspace/project/.docker/ros2_build/booster_interface', 'env': OrderedDict([('USER', 'booster'), ('HOSTNAME', '7786582c22bd'), ('SHLVL', '0'), ('LD_LIBRARY_PATH', '/opt/ros/humble/opt/rviz_ogre_vendor/lib:/opt/ros/humble/lib/aarch64-linux-gnu:/opt/ros/humble/lib'), ('HOME', '/workspace/project/.docker/home'), ('OLDPWD', '/workspace/project/ros2_ws'), ('ROS_PYTHON_VERSION', '3'), ('MAKEFLAGS', '-j8'), ('ROS_DISTRO', 'humble'), ('_', '/usr/bin/colcon'), ('ROS_VERSION', '2'), ('WEBOTS_PORT', '1234'), ('ROBOT_NAME', 'T1_release'), ('ROS_LOCALHOST_ONLY', '0'), ('PATH', '/opt/ros/humble/bin:/usr/local/sbin:/usr/local/bin:/usr/sbin:/usr/bin:/sbin:/bin'), ('DISPLAY', ''), ('LANG', 'C.UTF-8'), ('WEBOTS_HOST_IP', 'host.docker.internal'), ('AMENT_PREFIX_PATH', '/opt/ros/humble'), ('DEBIAN_FRONTEND', 'noninteractive'), ('PWD', '/workspace/project/.docker/ros2_build/booster_interface'), ('LC_ALL', 'C.UTF-8'), ('PYTHONPATH', '/opt/ros/humble/lib/python3.10/site-packages:/opt/ros/humble/local/lib/python3.10/dist-packages'), ('COLCON', '1'), ('CMAKE_PREFIX_PATH', '/opt/ros/humble')]), 'shell': False}
[2.422099] (-) TimerEvent: {}
[2.453183] (booster_interface) StdoutLine: {'line': b'[  0%] Generating C code for ROS interfaces\n'}
[2.459723] (booster_interface) StdoutLine: {'line': b'[  1%] Generating Rust code for ROS interfaces\n'}
[2.463806] (booster_interface) StdoutLine: {'line': b'[  1%] Built target ament_cmake_python_symlink_booster_interface\n'}
[2.472418] (booster_interface) StdoutLine: {'line': b'[  1%] Generating C++ code for ROS interfaces\n'}
[2.522799] (-) TimerEvent: {}
[2.623820] (-) TimerEvent: {}
[2.629591] (booster_interface) StdoutLine: {'line': b'running egg_info\n'}
[2.630416] (booster_interface) StdoutLine: {'line': b'creating booster_interface.egg-info\n'}
[2.630829] (booster_interface) StdoutLine: {'line': b'writing booster_interface.egg-info/PKG-INFO\n'}
[2.631870] (booster_interface) StdoutLine: {'line': b'writing dependency_links to booster_interface.egg-info/dependency_links.txt\n'}
[2.632411] (booster_interface) StdoutLine: {'line': b'writing top-level names to booster_interface.egg-info/top_level.txt\n'}
[2.632726] (booster_interface) StdoutLine: {'line': b"writing manifest file 'booster_interface.egg-info/SOURCES.txt'\n"}
[2.637412] (booster_interface) StdoutLine: {'line': b"reading manifest file 'booster_interface.egg-info/SOURCES.txt'\n"}
[2.639325] (booster_interface) StdoutLine: {'line': b"writing manifest file 'booster_interface.egg-info/SOURCES.txt'\n"}
[2.658166] (booster_interface) StdoutLine: {'line': b'[  1%] Built target ament_cmake_python_build_booster_interface_egg\n'}
[2.724853] (-) TimerEvent: {}
[2.826085] (-) TimerEvent: {}
[2.926858] (-) TimerEvent: {}
[3.028353] (-) TimerEvent: {}
[3.130063] (-) TimerEvent: {}
[3.194715] (booster_interface) StdoutLine: {'line': b'[  1%] Built target booster_interface__rs\n'}
[3.231046] (-) TimerEvent: {}
[3.331825] (-) TimerEvent: {}
[3.432939] (-) TimerEvent: {}
[3.533822] (-) TimerEvent: {}
[3.634881] (-) TimerEvent: {}
[3.735525] (-) TimerEvent: {}
[3.836847] (-) TimerEvent: {}
[3.940047] (-) TimerEvent: {}
[3.952871] (booster_interface) StdoutLine: {'line': b'[  1%] Built target booster_interface__cpp\n'}
[3.965910] (booster_interface) StdoutLine: {'line': b'[  4%] Generating C++ type support for eProsima Fast-RTPS\n'}
[3.967371] (booster_interface) StdoutLine: {'line': b'[  4%] Generating C++ type support dispatch for ROS interfaces\n'}
[3.968242] (booster_interface) StdoutLine: {'line': b'[  4%] Generating C++ introspection for ROS interfaces\n'}
[3.979916] (booster_interface) StdoutLine: {'line': b'[  5%] Building C object CMakeFiles/booster_interface__rosidl_generator_c.dir/rosidl_generator_c/booster_interface/msg/detail/booster_api_req_msg__functions.c.o\n'}
[3.981794] (booster_interface) StdoutLine: {'line': b'[  5%] Building C object CMakeFiles/booster_interface__rosidl_generator_c.dir/rosidl_generator_c/booster_interface/msg/detail/booster_api_resp_msg__functions.c.o\n'}
[3.983533] (booster_interface) StdoutLine: {'line': b'[  6%] Building C object CMakeFiles/booster_interface__rosidl_generator_c.dir/rosidl_generator_c/booster_interface/msg/detail/motor_state__functions.c.o\n'}
[3.990524] (booster_interface) StdoutLine: {'line': b'[  6%] Building C object CMakeFiles/booster_interface__rosidl_generator_c.dir/rosidl_generator_c/booster_interface/msg/detail/motor_cmd__functions.c.o\n'}
[4.011423] (booster_interface) StdoutLine: {'line': b'[  7%] Building C object CMakeFiles/booster_interface__rosidl_generator_c.dir/rosidl_generator_c/booster_interface/msg/detail/button_event_msg__functions.c.o\n'}
[4.040889] (-) TimerEvent: {}
[4.109781] (booster_interface) StdoutLine: {'line': b'[  7%] Building C object CMakeFiles/booster_interface__rosidl_generator_c.dir/rosidl_generator_c/booster_interface/msg/detail/low_cmd__functions.c.o\n'}
[4.113366] (booster_interface) StdoutLine: {'line': b'[  8%] Building C object CMakeFiles/booster_interface__rosidl_generator_c.dir/rosidl_generator_c/booster_interface/msg/detail/imu_state__functions.c.o\n'}
[4.115153] (booster_interface) StdoutLine: {'line': b'[  8%] Building C object CMakeFiles/booster_interface__rosidl_generator_c.dir/rosidl_generator_c/booster_interface/msg/detail/low_state__functions.c.o\n'}
[4.118895] (booster_interface) StdoutLine: {'line': b'[  9%] Building C object CMakeFiles/booster_interface__rosidl_generator_c.dir/rosidl_generator_c/booster_interface/msg/detail/raw_bytes_msg__functions.c.o\n'}
[4.125850] (booster_interface) StdoutLine: {'line': b'[  9%] Building C object CMakeFiles/booster_interface__rosidl_generator_c.dir/rosidl_generator_c/booster_interface/msg/detail/odometer__functions.c.o\n'}
[4.141843] (-) TimerEvent: {}
[4.209925] (booster_interface) StdoutLine: {'line': b'[ 10%] Building C object CMakeFiles/booster_interface__rosidl_generator_c.dir/rosidl_generator_c/booster_interface/msg/detail/remote_controller_state__functions.c.o\n'}
[4.211058] (booster_interface) StdoutLine: {'line': b'[ 10%] Building C object CMakeFiles/booster_interface__rosidl_generator_c.dir/rosidl_generator_c/booster_interface/msg/detail/fall_down_state__functions.c.o\n'}
[4.226995] (booster_interface) StdoutLine: {'line': b'[ 11%] Building C object CMakeFiles/booster_interface__rosidl_generator_c.dir/rosidl_generator_c/booster_interface/msg/detail/hand_dds_msg__functions.c.o\n'}
[4.228259] (booster_interface) StdoutLine: {'line': b'[ 11%] Building C object CMakeFiles/booster_interface__rosidl_generator_c.dir/rosidl_generator_c/booster_interface/msg/detail/hand_command__functions.c.o\n'}
[4.231005] (booster_interface) StdoutLine: {'line': b'[ 12%] Building C object CMakeFiles/booster_interface__rosidl_generator_c.dir/rosidl_generator_c/booster_interface/msg/detail/hand_param__functions.c.o\n'}
[4.242864] (-) TimerEvent: {}
[4.288811] (booster_interface) StdoutLine: {'line': b'[ 12%] Building C object CMakeFiles/booster_interface__rosidl_generator_c.dir/rosidl_generator_c/booster_interface/msg/detail/prone_body_control_status__functions.c.o\n'}
[4.294338] (booster_interface) StdoutLine: {'line': b'[ 13%] Building C object CMakeFiles/booster_interface__rosidl_generator_c.dir/rosidl_generator_c/booster_interface/msg/detail/robot_states_msg__functions.c.o\n'}
[4.305936] (booster_interface) StdoutLine: {'line': b'[ 13%] Building C object CMakeFiles/booster_interface__rosidl_generator_c.dir/rosidl_generator_c/booster_interface/msg/detail/robot_replay_traj_id__functions.c.o\n'}
[4.314147] (booster_interface) StdoutLine: {'line': b'[ 14%] Building C object CMakeFiles/booster_interface__rosidl_generator_c.dir/rosidl_generator_c/booster_interface/msg/detail/subtitle__functions.c.o\n'}
[4.318886] (booster_interface) StdoutLine: {'line': b'[ 14%] Building C object CMakeFiles/booster_interface__rosidl_generator_c.dir/rosidl_generator_c/booster_interface/srv/detail/rpc_service__functions.c.o\n'}
[4.343937] (-) TimerEvent: {}
[4.360800] (booster_interface) StdoutLine: {'line': b'[ 15%] Building C object CMakeFiles/booster_interface__rosidl_generator_c.dir/rosidl_generator_c/booster_interface/srv/detail/agent_service__functions.c.o\n'}
[4.434863] (booster_interface) StdoutLine: {'line': b'[ 16%] Linking C shared library libbooster_interface__rosidl_generator_c.so\n'}
[4.445801] (-) TimerEvent: {}
[4.485485] (booster_interface) StdoutLine: {'line': b'[ 16%] Built target booster_interface__rosidl_generator_c\n'}
[4.497599] (booster_interface) StdoutLine: {'line': b'[ 18%] Generating C type support for eProsima Fast-RTPS\n'}
[4.498829] (booster_interface) StdoutLine: {'line': b'[ 18%] Generating C type support dispatch for ROS interfaces\n'}
[4.504034] (booster_interface) StdoutLine: {'line': b'[ 19%] Generating C introspection for ROS interfaces\n'}
[4.546860] (-) TimerEvent: {}
[4.647227] (-) TimerEvent: {}
[4.748356] (-) TimerEvent: {}
[4.809080] (booster_interface) StdoutLine: {'line': b'[ 20%] Building CXX object CMakeFiles/booster_interface__rosidl_typesupport_cpp.dir/rosidl_typesupport_cpp/booster_interface/msg/booster_api_req_msg__type_support.cpp.o\n'}
[4.812669] (booster_interface) StdoutLine: {'line': b'[ 20%] Building CXX object CMakeFiles/booster_interface__rosidl_typesupport_cpp.dir/rosidl_typesupport_cpp/booster_interface/msg/booster_api_resp_msg__type_support.cpp.o\n'}
[4.814814] (booster_interface) StdoutLine: {'line': b'[ 20%] Building CXX object CMakeFiles/booster_interface__rosidl_typesupport_cpp.dir/rosidl_typesupport_cpp/booster_interface/msg/button_event_msg__type_support.cpp.o\n'}
[4.849293] (-) TimerEvent: {}
[4.949913] (-) TimerEvent: {}
[5.052258] (-) TimerEvent: {}
[5.153164] (-) TimerEvent: {}
[5.258815] (-) TimerEvent: {}
[5.335945] (booster_interface) StdoutLine: {'line': b'[ 21%] Building CXX object CMakeFiles/booster_interface__rosidl_typesupport_cpp.dir/rosidl_typesupport_cpp/booster_interface/msg/motor_state__type_support.cpp.o\n'}
[5.355867] (booster_interface) StdoutLine: {'line': b'[ 21%] Building CXX object CMakeFiles/booster_interface__rosidl_typesupport_cpp.dir/rosidl_typesupport_cpp/booster_interface/msg/motor_cmd__type_support.cpp.o\n'}
[5.360104] (-) TimerEvent: {}
[5.364927] (booster_interface) StdoutLine: {'line': b'[ 22%] Building CXX object CMakeFiles/booster_interface__rosidl_typesupport_cpp.dir/rosidl_typesupport_cpp/booster_interface/msg/low_cmd__type_support.cpp.o\n'}
[5.430175] (booster_interface) StdoutLine: {'line': b'[ 22%] Building CXX object CMakeFiles/booster_interface__rosidl_typesupport_introspection_cpp.dir/rosidl_typesupport_introspection_cpp/booster_interface/msg/detail/booster_api_req_msg__type_support.cpp.o\n'}
[5.461046] (-) TimerEvent: {}
[5.562020] (-) TimerEvent: {}
[5.594558] (booster_interface) StdoutLine: {'line': b'[ 22%] Building CXX object CMakeFiles/booster_interface__rosidl_typesupport_fastrtps_cpp.dir/rosidl_typesupport_fastrtps_cpp/booster_interface/msg/detail/dds_fastrtps/booster_api_req_msg__type_support.cpp.o\n'}
[5.656001] (booster_interface) StdoutLine: {'line': b'[ 22%] Building CXX object CMakeFiles/booster_interface__rosidl_typesupport_c.dir/rosidl_typesupport_c/booster_interface/msg/booster_api_req_msg__type_support.cpp.o\n'}
[5.663539] (-) TimerEvent: {}
[5.717610] (booster_interface) StdoutLine: {'line': b'[ 23%] Building CXX object CMakeFiles/booster_interface__rosidl_typesupport_c.dir/rosidl_typesupport_c/booster_interface/msg/booster_api_resp_msg__type_support.cpp.o\n'}
[5.765726] (-) TimerEvent: {}
[5.788527] (booster_interface) StdoutLine: {'line': b'[ 23%] Building CXX object CMakeFiles/booster_interface__rosidl_typesupport_c.dir/rosidl_typesupport_c/booster_interface/msg/button_event_msg__type_support.cpp.o\n'}
[5.808879] (booster_interface) StdoutLine: {'line': b'[ 25%] Building CXX object CMakeFiles/booster_interface__rosidl_typesupport_introspection_cpp.dir/rosidl_typesupport_introspection_cpp/booster_interface/msg/detail/booster_api_resp_msg__type_support.cpp.o\n'}
[5.809900] (booster_interface) StdoutLine: {'line': b'[ 25%] Building CXX object CMakeFiles/booster_interface__rosidl_typesupport_fastrtps_cpp.dir/rosidl_typesupport_fastrtps_cpp/booster_interface/msg/detail/dds_fastrtps/booster_api_resp_msg__type_support.cpp.o\n'}
[5.835517] (booster_interface) StdoutLine: {'line': b'[ 26%] Building CXX object CMakeFiles/booster_interface__rosidl_typesupport_c.dir/rosidl_typesupport_c/booster_interface/msg/motor_state__type_support.cpp.o\n'}
[5.839109] (booster_interface) StdoutLine: {'line': b'[ 26%] Building CXX object CMakeFiles/booster_interface__rosidl_typesupport_cpp.dir/rosidl_typesupport_cpp/booster_interface/msg/imu_state__type_support.cpp.o\n'}
[5.865928] (-) TimerEvent: {}
[5.885744] (booster_interface) StdoutLine: {'line': b'[ 26%] Building CXX object CMakeFiles/booster_interface__rosidl_typesupport_c.dir/rosidl_typesupport_c/booster_interface/msg/motor_cmd__type_support.cpp.o\n'}
[5.926295] (booster_interface) StdoutLine: {'line': b'[ 27%] Building CXX object CMakeFiles/booster_interface__rosidl_typesupport_c.dir/rosidl_typesupport_c/booster_interface/msg/low_cmd__type_support.cpp.o\n'}
[5.966901] (-) TimerEvent: {}
[5.969986] (booster_interface) StdoutLine: {'line': b'[ 27%] Building CXX object CMakeFiles/booster_interface__rosidl_typesupport_c.dir/rosidl_typesupport_c/booster_interface/msg/imu_state__type_support.cpp.o\n'}
[5.985946] (booster_interface) StdoutLine: {'line': b'[ 27%] Building C object CMakeFiles/booster_interface__rosidl_typesupport_introspection_c.dir/rosidl_typesupport_introspection_c/booster_interface/msg/detail/booster_api_req_msg__type_support.c.o\n'}
[6.013549] (booster_interface) StdoutLine: {'line': b'[ 28%] Building CXX object CMakeFiles/booster_interface__rosidl_typesupport_c.dir/rosidl_typesupport_c/booster_interface/msg/low_state__type_support.cpp.o\n'}
[6.029490] (booster_interface) StdoutLine: {'line': b'[ 28%] Building CXX object CMakeFiles/booster_interface__rosidl_typesupport_c.dir/rosidl_typesupport_c/booster_interface/msg/raw_bytes_msg__type_support.cpp.o\n'}
[6.066894] (booster_interface) StdoutLine: {'line': b'[ 30%] Building C object CMakeFiles/booster_interface__rosidl_typesupport_introspection_c.dir/rosidl_typesupport_introspection_c/booster_interface/msg/detail/booster_api_resp_msg__type_support.c.o\n'}
[6.067834] (-) TimerEvent: {}
[6.071241] (booster_interface) StdoutLine: {'line': b'[ 30%] Building CXX object CMakeFiles/booster_interface__rosidl_typesupport_cpp.dir/rosidl_typesupport_cpp/booster_interface/msg/low_state__type_support.cpp.o\n'}
[6.085829] (booster_interface) StdoutLine: {'line': b'[ 30%] Building CXX object CMakeFiles/booster_interface__rosidl_typesupport_fastrtps_c.dir/rosidl_typesupport_fastrtps_c/booster_interface/msg/detail/booster_api_req_msg__type_support_c.cpp.o\n'}
[6.103398] (booster_interface) StdoutLine: {'line': b'[ 31%] Building CXX object CMakeFiles/booster_interface__rosidl_typesupport_c.dir/rosidl_typesupport_c/booster_interface/msg/odometer__type_support.cpp.o\n'}
[6.115265] (booster_interface) StdoutLine: {'line': b'[ 31%] Building CXX object CMakeFiles/booster_interface__rosidl_typesupport_cpp.dir/rosidl_typesupport_cpp/booster_interface/msg/raw_bytes_msg__type_support.cpp.o\n'}
[6.152806] (booster_interface) StdoutLine: {'line': b'[ 31%] Building CXX object CMakeFiles/booster_interface__rosidl_typesupport_c.dir/rosidl_typesupport_c/booster_interface/msg/fall_down_state__type_support.cpp.o\n'}
[6.161276] (booster_interface) StdoutLine: {'line': b'[ 32%] Building CXX object CMakeFiles/booster_interface__rosidl_typesupport_cpp.dir/rosidl_typesupport_cpp/booster_interface/msg/odometer__type_support.cpp.o\n'}
[6.162609] (booster_interface) StdoutLine: {'line': b'[ 32%] Building C object CMakeFiles/booster_interface__rosidl_typesupport_introspection_c.dir/rosidl_typesupport_introspection_c/booster_interface/msg/detail/button_event_msg__type_support.c.o\n'}
[6.169121] (-) TimerEvent: {}
[6.206031] (booster_interface) StdoutLine: {'line': b'[ 33%] Building CXX object CMakeFiles/booster_interface__rosidl_typesupport_c.dir/rosidl_typesupport_c/booster_interface/msg/remote_controller_state__type_support.cpp.o\n'}
[6.239508] (booster_interface) StdoutLine: {'line': b'[ 34%] Building C object CMakeFiles/booster_interface__rosidl_typesupport_introspection_c.dir/rosidl_typesupport_introspection_c/booster_interface/msg/detail/motor_state__type_support.c.o\n'}
[6.243830] (booster_interface) StdoutLine: {'line': b'[ 34%] Building CXX object CMakeFiles/booster_interface__rosidl_typesupport_introspection_cpp.dir/rosidl_typesupport_introspection_cpp/booster_interface/msg/detail/button_event_msg__type_support.cpp.o\n'}
[6.262790] (booster_interface) StdoutLine: {'line': b'[ 34%] Building CXX object CMakeFiles/booster_interface__rosidl_typesupport_c.dir/rosidl_typesupport_c/booster_interface/msg/hand_command__type_support.cpp.o\n'}
[6.265369] (booster_interface) StdoutLine: {'line': b'[ 34%] Building CXX object CMakeFiles/booster_interface__rosidl_typesupport_fastrtps_cpp.dir/rosidl_typesupport_fastrtps_cpp/booster_interface/msg/detail/dds_fastrtps/button_event_msg__type_support.cpp.o\n'}
[6.270553] (-) TimerEvent: {}
[6.303211] (booster_interface) StdoutLine: {'line': b'[ 35%] Building CXX object CMakeFiles/booster_interface__rosidl_typesupport_c.dir/rosidl_typesupport_c/booster_interface/msg/hand_dds_msg__type_support.cpp.o\n'}
[6.316240] (booster_interface) StdoutLine: {'line': b'[ 35%] Building C object CMakeFiles/booster_interface__rosidl_typesupport_introspection_c.dir/rosidl_typesupport_introspection_c/booster_interface/msg/detail/motor_cmd__type_support.c.o\n'}
[6.339775] (booster_interface) StdoutLine: {'line': b'[ 35%] Building CXX object CMakeFiles/booster_interface__rosidl_typesupport_c.dir/rosidl_typesupport_c/booster_interface/msg/hand_param__type_support.cpp.o\n'}
[6.352064] (booster_interface) StdoutLine: {'line': b'[ 36%] Building CXX object CMakeFiles/booster_interface__rosidl_typesupport_c.dir/rosidl_typesupport_c/booster_interface/msg/prone_body_control_status__type_support.cpp.o\n'}
[6.375518] (-) TimerEvent: {}
[6.403526] (booster_interface) StdoutLine: {'line': b'[ 37%] Building C object CMakeFiles/booster_interface__rosidl_typesupport_introspection_c.dir/rosidl_typesupport_introspection_c/booster_interface/msg/detail/low_cmd__type_support.c.o\n'}
[6.408793] (booster_interface) StdoutLine: {'line': b'[ 37%] Building C object CMakeFiles/booster_interface__rosidl_typesupport_introspection_c.dir/rosidl_typesupport_introspection_c/booster_interface/msg/detail/imu_state__type_support.c.o\n'}
[6.414486] (booster_interface) StdoutLine: {'line': b'[ 37%] Building CXX object CMakeFiles/booster_interface__rosidl_typesupport_cpp.dir/rosidl_typesupport_cpp/booster_interface/msg/fall_down_state__type_support.cpp.o\n'}
[6.421187] (booster_interface) StdoutLine: {'line': b'[ 37%] Building CXX object CMakeFiles/booster_interface__rosidl_typesupport_c.dir/rosidl_typesupport_c/booster_interface/msg/robot_states_msg__type_support.cpp.o\n'}
[6.431588] (booster_interface) StdoutLine: {'line': b'[ 38%] Building CXX object CMakeFiles/booster_interface__rosidl_typesupport_fastrtps_c.dir/rosidl_typesupport_fastrtps_c/booster_interface/msg/detail/booster_api_resp_msg__type_support_c.cpp.o\n'}
[6.447512] (booster_interface) StdoutLine: {'line': b'[ 38%] Building CXX object CMakeFiles/booster_interface__rosidl_typesupport_fastrtps_c.dir/rosidl_typesupport_fastrtps_c/booster_interface/msg/detail/button_event_msg__type_support_c.cpp.o\n'}
[6.465339] (booster_interface) StdoutLine: {'line': b'[ 39%] Building CXX object CMakeFiles/booster_interface__rosidl_typesupport_c.dir/rosidl_typesupport_c/booster_interface/msg/robot_replay_traj_id__type_support.cpp.o\n'}
[6.470906] (booster_interface) StdoutLine: {'line': b'[ 40%] Building C object CMakeFiles/booster_interface__rosidl_typesupport_introspection_c.dir/rosidl_typesupport_introspection_c/booster_interface/msg/detail/low_state__type_support.c.o\n'}
[6.475809] (-) TimerEvent: {}
[6.476386] (booster_interface) StdoutLine: {'line': b'[ 41%] Building CXX object CMakeFiles/booster_interface__rosidl_typesupport_fastrtps_cpp.dir/rosidl_typesupport_fastrtps_cpp/booster_interface/msg/detail/dds_fastrtps/motor_state__type_support.cpp.o\n'}
[6.504485] (booster_interface) StdoutLine: {'line': b'[ 41%] Building CXX object CMakeFiles/booster_interface__rosidl_typesupport_c.dir/rosidl_typesupport_c/booster_interface/msg/subtitle__type_support.cpp.o\n'}
[6.546087] (booster_interface) StdoutLine: {'line': b'[ 41%] Building C object CMakeFiles/booster_interface__rosidl_typesupport_introspection_c.dir/rosidl_typesupport_introspection_c/booster_interface/msg/detail/raw_bytes_msg__type_support.c.o\n'}
[6.553817] (booster_interface) StdoutLine: {'line': b'[ 42%] Building CXX object CMakeFiles/booster_interface__rosidl_typesupport_c.dir/rosidl_typesupport_c/booster_interface/srv/rpc_service__type_support.cpp.o\n'}
[6.577388] (-) TimerEvent: {}
[6.617481] (booster_interface) StdoutLine: {'line': b'[ 43%] Building CXX object CMakeFiles/booster_interface__rosidl_typesupport_introspection_cpp.dir/rosidl_typesupport_introspection_cpp/booster_interface/msg/detail/motor_state__type_support.cpp.o\n'}
[6.624767] (booster_interface) StdoutLine: {'line': b'[ 43%] Building CXX object CMakeFiles/booster_interface__rosidl_typesupport_c.dir/rosidl_typesupport_c/booster_interface/srv/agent_service__type_support.cpp.o\n'}
[6.628923] (booster_interface) StdoutLine: {'line': b'[ 44%] Building CXX object CMakeFiles/booster_interface__rosidl_typesupport_cpp.dir/rosidl_typesupport_cpp/booster_interface/msg/remote_controller_state__type_support.cpp.o\n'}
[6.641042] (booster_interface) StdoutLine: {'line': b'[ 45%] Building C object CMakeFiles/booster_interface__rosidl_typesupport_introspection_c.dir/rosidl_typesupport_introspection_c/booster_interface/msg/detail/odometer__type_support.c.o\n'}
[6.653036] (booster_interface) StdoutLine: {'line': b'[ 46%] Building CXX object CMakeFiles/booster_interface__rosidl_typesupport_fastrtps_c.dir/rosidl_typesupport_fastrtps_c/booster_interface/msg/detail/motor_state__type_support_c.cpp.o\n'}
[6.678038] (booster_interface) StdoutLine: {'line': b'[ 47%] Linking CXX shared library libbooster_interface__rosidl_typesupport_c.so\n'}
[6.681068] (-) TimerEvent: {}
[6.715031] (booster_interface) StdoutLine: {'line': b'[ 47%] Building C object CMakeFiles/booster_interface__rosidl_typesupport_introspection_c.dir/rosidl_typesupport_introspection_c/booster_interface/msg/detail/fall_down_state__type_support.c.o\n'}
[6.775171] (booster_interface) StdoutLine: {'line': b'[ 47%] Building CXX object CMakeFiles/booster_interface__rosidl_typesupport_fastrtps_cpp.dir/rosidl_typesupport_fastrtps_cpp/booster_interface/msg/detail/dds_fastrtps/motor_cmd__type_support.cpp.o\n'}
[6.782724] (-) TimerEvent: {}
[6.794226] (booster_interface) StdoutLine: {'line': b'[ 48%] Building C object CMakeFiles/booster_interface__rosidl_typesupport_introspection_c.dir/rosidl_typesupport_introspection_c/booster_interface/msg/detail/remote_controller_state__type_support.c.o\n'}
[6.809839] (booster_interface) StdoutLine: {'line': b'[ 48%] Building CXX object CMakeFiles/booster_interface__rosidl_typesupport_introspection_cpp.dir/rosidl_typesupport_introspection_cpp/booster_interface/msg/detail/motor_cmd__type_support.cpp.o\n'}
[6.821294] (booster_interface) StdoutLine: {'line': b'[ 48%] Built target booster_interface__rosidl_typesupport_c\n'}
[6.828034] (booster_interface) StdoutLine: {'line': b'[ 48%] Building C object CMakeFiles/booster_interface__rosidl_typesupport_introspection_c.dir/rosidl_typesupport_introspection_c/booster_interface/msg/detail/hand_command__type_support.c.o\n'}
[6.852960] (booster_interface) StdoutLine: {'line': b'[ 49%] Building CXX object CMakeFiles/booster_interface__rosidl_typesupport_fastrtps_cpp.dir/rosidl_typesupport_fastrtps_cpp/booster_interface/msg/detail/dds_fastrtps/low_cmd__type_support.cpp.o\n'}
[6.865390] (booster_interface) StdoutLine: {'line': b'[ 49%] Building CXX object CMakeFiles/booster_interface__rosidl_typesupport_cpp.dir/rosidl_typesupport_cpp/booster_interface/msg/hand_command__type_support.cpp.o\n'}
[6.875262] (booster_interface) StdoutLine: {'line': b'[ 49%] Building CXX object CMakeFiles/booster_interface__rosidl_typesupport_fastrtps_c.dir/rosidl_typesupport_fastrtps_c/booster_interface/msg/detail/motor_cmd__type_support_c.cpp.o\n'}
[6.882812] (-) TimerEvent: {}
[6.899498] (booster_interface) StdoutLine: {'line': b'[ 50%] Building C object CMakeFiles/booster_interface__rosidl_typesupport_introspection_c.dir/rosidl_typesupport_introspection_c/booster_interface/msg/detail/hand_dds_msg__type_support.c.o\n'}
[6.959035] (booster_interface) StdoutLine: {'line': b'[ 50%] Building C object CMakeFiles/booster_interface__rosidl_typesupport_introspection_c.dir/rosidl_typesupport_introspection_c/booster_interface/msg/detail/hand_param__type_support.c.o\n'}
[6.983879] (-) TimerEvent: {}
[6.987807] (booster_interface) StdoutLine: {'line': b'[ 51%] Building C object CMakeFiles/booster_interface__rosidl_typesupport_introspection_c.dir/rosidl_typesupport_introspection_c/booster_interface/msg/detail/prone_body_control_status__type_support.c.o\n'}
[7.002192] (booster_interface) StdoutLine: {'line': b'[ 52%] Building CXX object CMakeFiles/booster_interface__rosidl_typesupport_introspection_cpp.dir/rosidl_typesupport_introspection_cpp/booster_interface/msg/detail/low_cmd__type_support.cpp.o\n'}
[7.021757] (booster_interface) StdoutLine: {'line': b'[ 53%] Building CXX object CMakeFiles/booster_interface__rosidl_typesupport_fastrtps_c.dir/rosidl_typesupport_fastrtps_c/booster_interface/msg/detail/low_cmd__type_support_c.cpp.o\n'}
[7.056015] (booster_interface) StdoutLine: {'line': b'[ 53%] Building C object CMakeFiles/booster_interface__rosidl_typesupport_introspection_c.dir/rosidl_typesupport_introspection_c/booster_interface/msg/detail/robot_states_msg__type_support.c.o\n'}
[7.084970] (-) TimerEvent: {}
[7.122882] (booster_interface) StdoutLine: {'line': b'[ 54%] Building C object CMakeFiles/booster_interface__rosidl_typesupport_introspection_c.dir/rosidl_typesupport_introspection_c/booster_interface/msg/detail/robot_replay_traj_id__type_support.c.o\n'}
[7.187764] (-) TimerEvent: {}
[7.238063] (booster_interface) StdoutLine: {'line': b'[ 55%] Building CXX object CMakeFiles/booster_interface__rosidl_typesupport_cpp.dir/rosidl_typesupport_cpp/booster_interface/msg/hand_param__type_support.cpp.o\n'}
[7.239039] (booster_interface) StdoutLine: {'line': b'[ 55%] Building CXX object CMakeFiles/booster_interface__rosidl_typesupport_cpp.dir/rosidl_typesupport_cpp/booster_interface/msg/hand_dds_msg__type_support.cpp.o\n'}
[7.258802] (booster_interface) StdoutLine: {'line': b'[ 55%] Building C object CMakeFiles/booster_interface__rosidl_typesupport_introspection_c.dir/rosidl_typesupport_introspection_c/booster_interface/msg/detail/subtitle__type_support.c.o\n'}
[7.265856] (booster_interface) StdoutLine: {'line': b'[ 55%] Building CXX object CMakeFiles/booster_interface__rosidl_typesupport_fastrtps_cpp.dir/rosidl_typesupport_fastrtps_cpp/booster_interface/msg/detail/dds_fastrtps/imu_state__type_support.cpp.o\n'}
[7.288258] (-) TimerEvent: {}
[7.291415] (booster_interface) StdoutLine: {'line': b'[ 56%] Building CXX object CMakeFiles/booster_interface__rosidl_typesupport_fastrtps_cpp.dir/rosidl_typesupport_fastrtps_cpp/booster_interface/msg/detail/dds_fastrtps/low_state__type_support.cpp.o\n'}
[7.358856] (booster_interface) StdoutLine: {'line': b'[ 57%] Building C object CMakeFiles/booster_interface__rosidl_typesupport_introspection_c.dir/rosidl_typesupport_introspection_c/booster_interface/srv/detail/rpc_service__type_support.c.o\n'}
[7.388857] (-) TimerEvent: {}
[7.391209] (booster_interface) StdoutLine: {'line': b'[ 57%] Building CXX object CMakeFiles/booster_interface__rosidl_typesupport_fastrtps_c.dir/rosidl_typesupport_fastrtps_c/booster_interface/msg/detail/imu_state__type_support_c.cpp.o\n'}
[7.430422] (booster_interface) StdoutLine: {'line': b'[ 57%] Building C object CMakeFiles/booster_interface__rosidl_typesupport_introspection_c.dir/rosidl_typesupport_introspection_c/booster_interface/srv/detail/agent_service__type_support.c.o\n'}
[7.448628] (booster_interface) StdoutLine: {'line': b'[ 57%] Building CXX object CMakeFiles/booster_interface__rosidl_typesupport_introspection_cpp.dir/rosidl_typesupport_introspection_cpp/booster_interface/msg/detail/imu_state__type_support.cpp.o\n'}
[7.468680] (booster_interface) StdoutLine: {'line': b'[ 58%] Building CXX object CMakeFiles/booster_interface__rosidl_typesupport_introspection_cpp.dir/rosidl_typesupport_introspection_cpp/booster_interface/msg/detail/low_state__type_support.cpp.o\n'}
[7.489872] (-) TimerEvent: {}
[7.524726] (booster_interface) StdoutLine: {'line': b'[ 59%] Linking C shared library libbooster_interface__rosidl_typesupport_introspection_c.so\n'}
[7.540260] (booster_interface) StdoutLine: {'line': b'[ 60%] Building CXX object CMakeFiles/booster_interface__rosidl_typesupport_fastrtps_c.dir/rosidl_typesupport_fastrtps_c/booster_interface/msg/detail/low_state__type_support_c.cpp.o\n'}
[7.590836] (-) TimerEvent: {}
[7.657424] (booster_interface) StdoutLine: {'line': b'[ 61%] Building CXX object CMakeFiles/booster_interface__rosidl_typesupport_cpp.dir/rosidl_typesupport_cpp/booster_interface/msg/prone_body_control_status__type_support.cpp.o\n'}
[7.691926] (-) TimerEvent: {}
[7.700098] (booster_interface) StdoutLine: {'line': b'[ 61%] Built target booster_interface__rosidl_typesupport_introspection_c\n'}
[7.709265] (booster_interface) StdoutLine: {'line': b'[ 61%] Building CXX object CMakeFiles/booster_interface__rosidl_typesupport_fastrtps_c.dir/rosidl_typesupport_fastrtps_c/booster_interface/msg/detail/raw_bytes_msg__type_support_c.cpp.o\n'}
[7.719261] (booster_interface) StdoutLine: {'line': b'[ 61%] Building CXX object CMakeFiles/booster_interface__rosidl_typesupport_cpp.dir/rosidl_typesupport_cpp/booster_interface/msg/robot_states_msg__type_support.cpp.o\n'}
[7.756647] (booster_interface) StdoutLine: {'line': b'[ 62%] Building CXX object CMakeFiles/booster_interface__rosidl_typesupport_fastrtps_c.dir/rosidl_typesupport_fastrtps_c/booster_interface/msg/detail/odometer__type_support_c.cpp.o\n'}
[7.792846] (-) TimerEvent: {}
[7.810341] (booster_interface) StdoutLine: {'line': b'[ 62%] Building CXX object CMakeFiles/booster_interface__rosidl_typesupport_fastrtps_cpp.dir/rosidl_typesupport_fastrtps_cpp/booster_interface/msg/detail/dds_fastrtps/raw_bytes_msg__type_support.cpp.o\n'}
[7.871592] (booster_interface) StdoutLine: {'line': b'[ 62%] Building CXX object CMakeFiles/booster_interface__rosidl_typesupport_introspection_cpp.dir/rosidl_typesupport_introspection_cpp/booster_interface/msg/detail/raw_bytes_msg__type_support.cpp.o\n'}
[7.893851] (-) TimerEvent: {}
[7.920254] (booster_interface) StdoutLine: {'line': b'[ 64%] Building CXX object CMakeFiles/booster_interface__rosidl_typesupport_fastrtps_c.dir/rosidl_typesupport_fastrtps_c/booster_interface/msg/detail/fall_down_state__type_support_c.cpp.o\n'}
[7.921085] (booster_interface) StdoutLine: {'line': b'[ 64%] Building CXX object CMakeFiles/booster_interface__rosidl_typesupport_fastrtps_cpp.dir/rosidl_typesupport_fastrtps_cpp/booster_interface/msg/detail/dds_fastrtps/odometer__type_support.cpp.o\n'}
[7.921866] (booster_interface) StdoutLine: {'line': b'[ 64%] Building CXX object CMakeFiles/booster_interface__rosidl_typesupport_cpp.dir/rosidl_typesupport_cpp/booster_interface/msg/robot_replay_traj_id__type_support.cpp.o\n'}
[7.968597] (booster_interface) StdoutLine: {'line': b'[ 65%] Building CXX object CMakeFiles/booster_interface__rosidl_typesupport_introspection_cpp.dir/rosidl_typesupport_introspection_cpp/booster_interface/msg/detail/odometer__type_support.cpp.o\n'}
[7.994959] (-) TimerEvent: {}
[8.091286] (booster_interface) StdoutLine: {'line': b'[ 65%] Building CXX object CMakeFiles/booster_interface__rosidl_typesupport_fastrtps_cpp.dir/rosidl_typesupport_fastrtps_cpp/booster_interface/msg/detail/dds_fastrtps/fall_down_state__type_support.cpp.o\n'}
[8.095819] (-) TimerEvent: {}
[8.100267] (booster_interface) StdoutLine: {'line': b'[ 65%] Building CXX object CMakeFiles/booster_interface__rosidl_typesupport_introspection_cpp.dir/rosidl_typesupport_introspection_cpp/booster_interface/msg/detail/fall_down_state__type_support.cpp.o\n'}
[8.196817] (-) TimerEvent: {}
[8.223809] (booster_interface) StdoutLine: {'line': b'[ 66%] Building CXX object CMakeFiles/booster_interface__rosidl_typesupport_fastrtps_c.dir/rosidl_typesupport_fastrtps_c/booster_interface/msg/detail/remote_controller_state__type_support_c.cpp.o\n'}
[8.264553] (booster_interface) StdoutLine: {'line': b'[ 66%] Building CXX object CMakeFiles/booster_interface__rosidl_typesupport_fastrtps_c.dir/rosidl_typesupport_fastrtps_c/booster_interface/msg/detail/hand_command__type_support_c.cpp.o\n'}
[8.302578] (-) TimerEvent: {}
[8.337030] (booster_interface) StdoutLine: {'line': b'[ 66%] Building CXX object CMakeFiles/booster_interface__rosidl_typesupport_cpp.dir/rosidl_typesupport_cpp/booster_interface/msg/subtitle__type_support.cpp.o\n'}
[8.398376] (booster_interface) StdoutLine: {'line': b'[ 67%] Building CXX object CMakeFiles/booster_interface__rosidl_typesupport_introspection_cpp.dir/rosidl_typesupport_introspection_cpp/booster_interface/msg/detail/remote_controller_state__type_support.cpp.o\n'}
[8.402929] (-) TimerEvent: {}
[8.458219] (booster_interface) StdoutLine: {'line': b'[ 68%] Building CXX object CMakeFiles/booster_interface__rosidl_typesupport_fastrtps_cpp.dir/rosidl_typesupport_fastrtps_cpp/booster_interface/msg/detail/dds_fastrtps/remote_controller_state__type_support.cpp.o\n'}
[8.486924] (booster_interface) StdoutLine: {'line': b'[ 69%] Building CXX object CMakeFiles/booster_interface__rosidl_typesupport_fastrtps_c.dir/rosidl_typesupport_fastrtps_c/booster_interface/msg/detail/hand_dds_msg__type_support_c.cpp.o\n'}
[8.503889] (-) TimerEvent: {}
[8.618551] (-) TimerEvent: {}
[8.687106] (booster_interface) StdoutLine: {'line': b'[ 70%] Building CXX object CMakeFiles/booster_interface__rosidl_typesupport_cpp.dir/rosidl_typesupport_cpp/booster_interface/srv/rpc_service__type_support.cpp.o\n'}
[8.711295] (booster_interface) StdoutLine: {'line': b'[ 70%] Building CXX object CMakeFiles/booster_interface__rosidl_typesupport_cpp.dir/rosidl_typesupport_cpp/booster_interface/srv/agent_service__type_support.cpp.o\n'}
[8.719125] (-) TimerEvent: {}
[8.719869] (booster_interface) StdoutLine: {'line': b'[ 70%] Building CXX object CMakeFiles/booster_interface__rosidl_typesupport_fastrtps_c.dir/rosidl_typesupport_fastrtps_c/booster_interface/msg/detail/hand_param__type_support_c.cpp.o\n'}
[8.760315] (booster_interface) StdoutLine: {'line': b'[ 71%] Building CXX object CMakeFiles/booster_interface__rosidl_typesupport_fastrtps_c.dir/rosidl_typesupport_fastrtps_c/booster_interface/msg/detail/prone_body_control_status__type_support_c.cpp.o\n'}
[8.777785] (booster_interface) StdoutLine: {'line': b'[ 71%] Building CXX object CMakeFiles/booster_interface__rosidl_typesupport_fastrtps_c.dir/rosidl_typesupport_fastrtps_c/booster_interface/msg/detail/robot_states_msg__type_support_c.cpp.o\n'}
[8.819820] (-) TimerEvent: {}
[8.921231] (-) TimerEvent: {}
[8.952249] (booster_interface) StdoutLine: {'line': b'[ 71%] Building CXX object CMakeFiles/booster_interface__rosidl_typesupport_introspection_cpp.dir/rosidl_typesupport_introspection_cpp/booster_interface/msg/detail/hand_command__type_support.cpp.o\n'}
[8.960725] (booster_interface) StdoutLine: {'line': b'[ 72%] Building CXX object CMakeFiles/booster_interface__rosidl_typesupport_fastrtps_c.dir/rosidl_typesupport_fastrtps_c/booster_interface/msg/detail/robot_replay_traj_id__type_support_c.cpp.o\n'}
[8.972953] (booster_interface) StdoutLine: {'line': b'[ 72%] Building CXX object CMakeFiles/booster_interface__rosidl_typesupport_fastrtps_cpp.dir/rosidl_typesupport_fastrtps_cpp/booster_interface/msg/detail/dds_fastrtps/hand_command__type_support.cpp.o\n'}
[8.984299] (booster_interface) StdoutLine: {'line': b'[ 73%] Linking CXX shared library libbooster_interface__rosidl_typesupport_cpp.so\n'}
[9.017992] (booster_interface) StdoutLine: {'line': b'[ 74%] Building CXX object CMakeFiles/booster_interface__rosidl_typesupport_fastrtps_cpp.dir/rosidl_typesupport_fastrtps_cpp/booster_interface/msg/detail/dds_fastrtps/hand_dds_msg__type_support.cpp.o\n'}
[9.022473] (-) TimerEvent: {}
[9.124041] (-) TimerEvent: {}
[9.136356] (booster_interface) StdoutLine: {'line': b'[ 74%] Built target booster_interface__rosidl_typesupport_cpp\n'}
[9.140245] (booster_interface) StdoutLine: {'line': b'[ 75%] Building CXX object CMakeFiles/booster_interface__rosidl_typesupport_introspection_cpp.dir/rosidl_typesupport_introspection_cpp/booster_interface/msg/detail/hand_dds_msg__type_support.cpp.o\n'}
[9.149205] (booster_interface) StdoutLine: {'line': b'[ 75%] Building CXX object CMakeFiles/booster_interface__rosidl_typesupport_introspection_cpp.dir/rosidl_typesupport_introspection_cpp/booster_interface/msg/detail/hand_param__type_support.cpp.o\n'}
[9.225318] (-) TimerEvent: {}
[9.235264] (booster_interface) StdoutLine: {'line': b'[ 75%] Building CXX object CMakeFiles/booster_interface__rosidl_typesupport_fastrtps_cpp.dir/rosidl_typesupport_fastrtps_cpp/booster_interface/msg/detail/dds_fastrtps/hand_param__type_support.cpp.o\n'}
[9.246308] (booster_interface) StdoutLine: {'line': b'[ 76%] Building CXX object CMakeFiles/booster_interface__rosidl_typesupport_fastrtps_cpp.dir/rosidl_typesupport_fastrtps_cpp/booster_interface/msg/detail/dds_fastrtps/prone_body_control_status__type_support.cpp.o\n'}
[9.325987] (-) TimerEvent: {}
[9.336374] (booster_interface) StdoutLine: {'line': b'[ 76%] Building CXX object CMakeFiles/booster_interface__rosidl_typesupport_fastrtps_c.dir/rosidl_typesupport_fastrtps_c/booster_interface/msg/detail/subtitle__type_support_c.cpp.o\n'}
[9.417660] (booster_interface) StdoutLine: {'line': b'[ 77%] Building CXX object CMakeFiles/booster_interface__rosidl_typesupport_introspection_cpp.dir/rosidl_typesupport_introspection_cpp/booster_interface/msg/detail/prone_body_control_status__type_support.cpp.o\n'}
[9.426920] (-) TimerEvent: {}
[9.430550] (booster_interface) StdoutLine: {'line': b'[ 77%] Building CXX object CMakeFiles/booster_interface__rosidl_typesupport_fastrtps_cpp.dir/rosidl_typesupport_fastrtps_cpp/booster_interface/msg/detail/dds_fastrtps/robot_states_msg__type_support.cpp.o\n'}
[9.527953] (-) TimerEvent: {}
[9.585256] (booster_interface) StdoutLine: {'line': b'[ 78%] Building CXX object CMakeFiles/booster_interface__rosidl_typesupport_fastrtps_cpp.dir/rosidl_typesupport_fastrtps_cpp/booster_interface/msg/detail/dds_fastrtps/robot_replay_traj_id__type_support.cpp.o\n'}
[9.628851] (-) TimerEvent: {}
[9.642267] (booster_interface) StdoutLine: {'line': b'[ 79%] Building CXX object CMakeFiles/booster_interface__rosidl_typesupport_fastrtps_c.dir/rosidl_typesupport_fastrtps_c/booster_interface/srv/detail/rpc_service__type_support_c.cpp.o\n'}
[9.730600] (booster_interface) StdoutLine: {'line': b'[ 79%] Building CXX object CMakeFiles/booster_interface__rosidl_typesupport_fastrtps_cpp.dir/rosidl_typesupport_fastrtps_cpp/booster_interface/msg/detail/dds_fastrtps/subtitle__type_support.cpp.o\n'}
[9.731885] (-) TimerEvent: {}
[9.772034] (booster_interface) StdoutLine: {'line': b'[ 79%] Building CXX object CMakeFiles/booster_interface__rosidl_typesupport_fastrtps_c.dir/rosidl_typesupport_fastrtps_c/booster_interface/srv/detail/agent_service__type_support_c.cpp.o\n'}
[9.808292] (booster_interface) StdoutLine: {'line': b'[ 79%] Building CXX object CMakeFiles/booster_interface__rosidl_typesupport_introspection_cpp.dir/rosidl_typesupport_introspection_cpp/booster_interface/msg/detail/robot_states_msg__type_support.cpp.o\n'}
[9.825303] (booster_interface) StdoutLine: {'line': b'[ 80%] Building CXX object CMakeFiles/booster_interface__rosidl_typesupport_fastrtps_cpp.dir/rosidl_typesupport_fastrtps_cpp/booster_interface/srv/detail/dds_fastrtps/rpc_service__type_support.cpp.o\n'}
[9.832003] (-) TimerEvent: {}
[9.858626] (booster_interface) StdoutLine: {'line': b'[ 81%] Building CXX object CMakeFiles/booster_interface__rosidl_typesupport_introspection_cpp.dir/rosidl_typesupport_introspection_cpp/booster_interface/msg/detail/robot_replay_traj_id__type_support.cpp.o\n'}
[9.932827] (-) TimerEvent: {}
[9.973882] (booster_interface) StdoutLine: {'line': b'[ 81%] Building CXX object CMakeFiles/booster_interface__rosidl_typesupport_introspection_cpp.dir/rosidl_typesupport_introspection_cpp/booster_interface/msg/detail/subtitle__type_support.cpp.o\n'}
[10.033819] (-) TimerEvent: {}
[10.103824] (booster_interface) StdoutLine: {'line': b'[ 81%] Building CXX object CMakeFiles/booster_interface__rosidl_typesupport_fastrtps_cpp.dir/rosidl_typesupport_fastrtps_cpp/booster_interface/srv/detail/dds_fastrtps/agent_service__type_support.cpp.o\n'}
[10.134304] (-) TimerEvent: {}
[10.140138] (booster_interface) StdoutLine: {'line': b'[ 82%] Linking CXX shared library libbooster_interface__rosidl_typesupport_fastrtps_c.so\n'}
[10.239763] (-) TimerEvent: {}
[10.263303] (booster_interface) StdoutLine: {'line': b'[ 83%] Building CXX object CMakeFiles/booster_interface__rosidl_typesupport_introspection_cpp.dir/rosidl_typesupport_introspection_cpp/booster_interface/srv/detail/rpc_service__type_support.cpp.o\n'}
[10.277701] (booster_interface) StdoutLine: {'line': b'[ 83%] Building CXX object CMakeFiles/booster_interface__rosidl_typesupport_introspection_cpp.dir/rosidl_typesupport_introspection_cpp/booster_interface/srv/detail/agent_service__type_support.cpp.o\n'}
[10.340057] (-) TimerEvent: {}
[10.409712] (booster_interface) StdoutLine: {'line': b'[ 83%] Built target booster_interface__rosidl_typesupport_fastrtps_c\n'}
[10.440842] (-) TimerEvent: {}
[10.542334] (-) TimerEvent: {}
[10.634169] (booster_interface) StdoutLine: {'line': b'[ 84%] Linking CXX shared library libbooster_interface__rosidl_typesupport_fastrtps_cpp.so\n'}
[10.636762] (booster_interface) StdoutLine: {'line': b'[ 85%] Linking CXX shared library libbooster_interface__rosidl_typesupport_introspection_cpp.so\n'}
[10.642855] (-) TimerEvent: {}
[10.735664] (booster_interface) StdoutLine: {'line': b'[ 85%] Built target booster_interface__rosidl_typesupport_fastrtps_cpp\n'}
[10.739882] (booster_interface) StdoutLine: {'line': b'[ 85%] Built target booster_interface__rosidl_typesupport_introspection_cpp\n'}
[10.744030] (-) TimerEvent: {}
[10.755919] (booster_interface) StdoutLine: {'line': b'[ 85%] Built target booster_interface\n'}
[10.774506] (booster_interface) StdoutLine: {'line': b'[ 86%] Generating Python code for ROS interfaces\n'}
[10.845799] (-) TimerEvent: {}
[10.947053] (-) TimerEvent: {}
[11.048556] (-) TimerEvent: {}
[11.149144] (-) TimerEvent: {}
[11.250239] (-) TimerEvent: {}
[11.350885] (-) TimerEvent: {}
[11.452315] (-) TimerEvent: {}
[11.553084] (-) TimerEvent: {}
[11.654029] (-) TimerEvent: {}
[11.755046] (-) TimerEvent: {}
[11.857113] (-) TimerEvent: {}
[11.958857] (-) TimerEvent: {}
[12.059835] (-) TimerEvent: {}
[12.162358] (-) TimerEvent: {}
[12.263111] (-) TimerEvent: {}
[12.364007] (-) TimerEvent: {}
[12.464557] (-) TimerEvent: {}
[12.501131] (booster_interface) StdoutLine: {'line': b'[ 86%] Built target booster_interface__py\n'}
[12.520447] (booster_interface) StdoutLine: {'line': b'[ 86%] Building C object CMakeFiles/booster_interface__rosidl_generator_py.dir/rosidl_generator_py/booster_interface/msg/_booster_api_req_msg_s.c.o\n'}
[12.521279] (booster_interface) StdoutLine: {'line': b'[ 86%] Building C object CMakeFiles/booster_interface__rosidl_generator_py.dir/rosidl_generator_py/booster_interface/msg/_button_event_msg_s.c.o\n'}
[12.522297] (booster_interface) StdoutLine: {'line': b'[ 86%] Building C object CMakeFiles/booster_interface__rosidl_generator_py.dir/rosidl_generator_py/booster_interface/msg/_motor_cmd_s.c.o\n'}
[12.523901] (booster_interface) StdoutLine: {'line': b'[ 90%] Building C object CMakeFiles/booster_interface__rosidl_generator_py.dir/rosidl_generator_py/booster_interface/msg/_imu_state_s.c.o\n'}
[12.524642] (booster_interface) StdoutLine: {'line': b'[ 90%] Building C object CMakeFiles/booster_interface__rosidl_generator_py.dir/rosidl_generator_py/booster_interface/msg/_low_cmd_s.c.o\n'}
[12.525825] (booster_interface) StdoutLine: {'line': b'[ 90%] Building C object CMakeFiles/booster_interface__rosidl_generator_py.dir/rosidl_generator_py/booster_interface/msg/_booster_api_resp_msg_s.c.o\n'}
[12.527487] (booster_interface) StdoutLine: {'line': b'[ 90%] Building C object CMakeFiles/booster_interface__rosidl_generator_py.dir/rosidl_generator_py/booster_interface/msg/_motor_state_s.c.o\n'}
[12.528479] (booster_interface) StdoutLine: {'line': b'[ 90%] Building C object CMakeFiles/booster_interface__rosidl_generator_py.dir/rosidl_generator_py/booster_interface/msg/_low_state_s.c.o\n'}
[12.564857] (-) TimerEvent: {}
[12.668978] (-) TimerEvent: {}
[12.694474] (booster_interface) StdoutLine: {'line': b'[ 90%] Building C object CMakeFiles/booster_interface__rosidl_generator_py.dir/rosidl_generator_py/booster_interface/msg/_raw_bytes_msg_s.c.o\n'}
[12.702285] (booster_interface) StdoutLine: {'line': b'[ 91%] Building C object CMakeFiles/booster_interface__rosidl_generator_py.dir/rosidl_generator_py/booster_interface/msg/_odometer_s.c.o\n'}
[12.703145] (booster_interface) StdoutLine: {'line': b'[ 91%] Building C object CMakeFiles/booster_interface__rosidl_generator_py.dir/rosidl_generator_py/booster_interface/msg/_fall_down_state_s.c.o\n'}
[12.705111] (booster_interface) StdoutLine: {'line': b'[ 92%] Building C object CMakeFiles/booster_interface__rosidl_generator_py.dir/rosidl_generator_py/booster_interface/msg/_remote_controller_state_s.c.o\n'}
[12.706857] (booster_interface) StdoutLine: {'line': b'[ 92%] Building C object CMakeFiles/booster_interface__rosidl_generator_py.dir/rosidl_generator_py/booster_interface/msg/_hand_command_s.c.o\n'}
[12.714856] (booster_interface) StdoutLine: {'line': b'[ 93%] Building C object CMakeFiles/booster_interface__rosidl_generator_py.dir/rosidl_generator_py/booster_interface/msg/_hand_dds_msg_s.c.o\n'}
[12.724406] (booster_interface) StdoutLine: {'line': b'[ 93%] Building C object CMakeFiles/booster_interface__rosidl_generator_py.dir/rosidl_generator_py/booster_interface/msg/_hand_param_s.c.o\n'}
[12.725689] (booster_interface) StdoutLine: {'line': b'[ 94%] Building C object CMakeFiles/booster_interface__rosidl_generator_py.dir/rosidl_generator_py/booster_interface/msg/_prone_body_control_status_s.c.o\n'}
[12.769946] (-) TimerEvent: {}
[12.870982] (-) TimerEvent: {}
[12.955934] (booster_interface) StdoutLine: {'line': b'[ 94%] Building C object CMakeFiles/booster_interface__rosidl_generator_py.dir/rosidl_generator_py/booster_interface/msg/_robot_states_msg_s.c.o\n'}
[12.963113] (booster_interface) StdoutLine: {'line': b'[ 95%] Building C object CMakeFiles/booster_interface__rosidl_generator_py.dir/rosidl_generator_py/booster_interface/msg/_subtitle_s.c.o\n'}
[12.965818] (booster_interface) StdoutLine: {'line': b'[ 96%] Building C object CMakeFiles/booster_interface__rosidl_generator_py.dir/rosidl_generator_py/booster_interface/msg/_robot_replay_traj_id_s.c.o\n'}
[12.967154] (booster_interface) StdoutLine: {'line': b'[ 96%] Building C object CMakeFiles/booster_interface__rosidl_generator_py.dir/rosidl_generator_py/booster_interface/srv/_agent_service_s.c.o\n'}
[12.968775] (booster_interface) StdoutLine: {'line': b'[ 96%] Building C object CMakeFiles/booster_interface__rosidl_generator_py.dir/rosidl_generator_py/booster_interface/srv/_rpc_service_s.c.o\n'}
[12.971802] (-) TimerEvent: {}
[13.074859] (-) TimerEvent: {}
[13.089588] (booster_interface) StdoutLine: {'line': b'[ 97%] Linking C shared library rosidl_generator_py/booster_interface/libbooster_interface__rosidl_generator_py.so\n'}
[13.137064] (booster_interface) StdoutLine: {'line': b'[ 97%] Built target booster_interface__rosidl_generator_py\n'}
[13.155745] (booster_interface) StdoutLine: {'line': b'[ 97%] Building C object CMakeFiles/booster_interface__rosidl_typesupport_introspection_c__pyext.dir/rosidl_generator_py/booster_interface/_booster_interface_s.ep.rosidl_typesupport_introspection_c.c.o\n'}
[13.157036] (booster_interface) StdoutLine: {'line': b'[ 97%] Building C object CMakeFiles/booster_interface__rosidl_typesupport_fastrtps_c__pyext.dir/rosidl_generator_py/booster_interface/_booster_interface_s.ep.rosidl_typesupport_fastrtps_c.c.o\n'}
[13.157345] (booster_interface) StdoutLine: {'line': b'[ 97%] Building C object CMakeFiles/booster_interface__rosidl_typesupport_c__pyext.dir/rosidl_generator_py/booster_interface/_booster_interface_s.ep.rosidl_typesupport_c.c.o\n'}
[13.175850] (-) TimerEvent: {}
[13.276823] (-) TimerEvent: {}
[13.330446] (booster_interface) StdoutLine: {'line': b'[ 98%] Linking C shared library rosidl_generator_py/booster_interface/booster_interface_s__rosidl_typesupport_c.cpython-310-aarch64-linux-gnu.so\n'}
[13.338797] (booster_interface) StdoutLine: {'line': b'[100%] Linking C shared library rosidl_generator_py/booster_interface/booster_interface_s__rosidl_typesupport_fastrtps_c.cpython-310-aarch64-linux-gnu.so\n'}
[13.339662] (booster_interface) StdoutLine: {'line': b'[100%] Linking C shared library rosidl_generator_py/booster_interface/booster_interface_s__rosidl_typesupport_introspection_c.cpython-310-aarch64-linux-gnu.so\n'}
[13.365107] (booster_interface) StdoutLine: {'line': b'[100%] Built target booster_interface__rosidl_typesupport_c__pyext\n'}
[13.375272] (booster_interface) StdoutLine: {'line': b'[100%] Built target booster_interface__rosidl_typesupport_introspection_c__pyext\n'}
[13.376098] (booster_interface) StdoutLine: {'line': b'[100%] Built target booster_interface__rosidl_typesupport_fastrtps_c__pyext\n'}
[13.377056] (-) TimerEvent: {}
[13.417485] (booster_interface) CommandEnded: {'returncode': 0}
[13.427308] (booster_interface) JobProgress: {'identifier': 'booster_interface', 'progress': 'install'}
[13.433237] (booster_interface) Command: {'cmd': ['/usr/bin/cmake', '--install', '/workspace/project/.docker/ros2_build/booster_interface'], 'cwd': '/workspace/project/.docker/ros2_build/booster_interface', 'env': OrderedDict([('USER', 'booster'), ('HOSTNAME', '7786582c22bd'), ('SHLVL', '0'), ('LD_LIBRARY_PATH', '/opt/ros/humble/opt/rviz_ogre_vendor/lib:/opt/ros/humble/lib/aarch64-linux-gnu:/opt/ros/humble/lib'), ('HOME', '/workspace/project/.docker/home'), ('OLDPWD', '/workspace/project/ros2_ws'), ('ROS_PYTHON_VERSION', '3'), ('MAKEFLAGS', '-j8'), ('ROS_DISTRO', 'humble'), ('_', '/usr/bin/colcon'), ('ROS_VERSION', '2'), ('WEBOTS_PORT', '1234'), ('ROBOT_NAME', 'T1_release'), ('ROS_LOCALHOST_ONLY', '0'), ('PATH', '/opt/ros/humble/bin:/usr/local/sbin:/usr/local/bin:/usr/sbin:/usr/bin:/sbin:/bin'), ('DISPLAY', ''), ('LANG', 'C.UTF-8'), ('WEBOTS_HOST_IP', 'host.docker.internal'), ('AMENT_PREFIX_PATH', '/opt/ros/humble'), ('DEBIAN_FRONTEND', 'noninteractive'), ('PWD', '/workspace/project/.docker/ros2_build/booster_interface'), ('LC_ALL', 'C.UTF-8'), ('PYTHONPATH', '/opt/ros/humble/lib/python3.10/site-packages:/opt/ros/humble/local/lib/python3.10/dist-packages'), ('COLCON', '1'), ('CMAKE_PREFIX_PATH', '/opt/ros/humble')]), 'shell': False}
[13.439256] (booster_interface) StdoutLine: {'line': b'-- Install configuration: ""\n'}
[13.441250] (booster_interface) StdoutLine: {'line': b'-- Execute custom install script\n'}
[13.443234] (booster_interface) StdoutLine: {'line': b'-- Symlinking: /workspace/project/.docker/ros2_install/booster_interface/share/ament_index/resource_index/rosidl_interfaces/booster_interface\n'}
[13.453017] (booster_interface) StdoutLine: {'line': b'-- Symlinking: /workspace/project/.docker/ros2_install/booster_interface/include/booster_interface/booster_interface/msg/booster_api_req_msg.h\n'}
[13.459031] (booster_interface) StdoutLine: {'line': b'-- Symlinking: /workspace/project/.docker/ros2_install/booster_interface/include/booster_interface/booster_interface/msg/booster_api_resp_msg.h\n'}
[13.464923] (booster_interface) StdoutLine: {'line': b'-- Symlinking: /workspace/project/.docker/ros2_install/booster_interface/include/booster_interface/booster_interface/msg/button_event_msg.h\n'}
[13.471289] (booster_interface) StdoutLine: {'line': b'-- Symlinking: /workspace/project/.docker/ros2_install/booster_interface/include/booster_interface/booster_interface/msg/detail/booster_api_req_msg__functions.h\n'}
[13.476700] (booster_interface) StdoutLine: {'line': b'-- Symlinking: /workspace/project/.docker/ros2_install/booster_interface/include/booster_interface/booster_interface/msg/detail/booster_api_req_msg__struct.h\n'}
[13.477112] (-) TimerEvent: {}
[13.482724] (booster_interface) StdoutLine: {'line': b'-- Symlinking: /workspace/project/.docker/ros2_install/booster_interface/include/booster_interface/booster_interface/msg/detail/booster_api_req_msg__type_support.h\n'}
[13.488303] (booster_interface) StdoutLine: {'line': b'-- Symlinking: /workspace/project/.docker/ros2_install/booster_interface/include/booster_interface/booster_interface/msg/detail/booster_api_resp_msg__functions.h\n'}
[13.493159] (booster_interface) StdoutLine: {'line': b'-- Symlinking: /workspace/project/.docker/ros2_install/booster_interface/include/booster_interface/booster_interface/msg/detail/booster_api_resp_msg__struct.h\n'}
[13.499406] (booster_interface) StdoutLine: {'line': b'-- Symlinking: /workspace/project/.docker/ros2_install/booster_interface/include/booster_interface/booster_interface/msg/detail/booster_api_resp_msg__type_support.h\n'}
[13.507042] (booster_interface) StdoutLine: {'line': b'-- Symlinking: /workspace/project/.docker/ros2_install/booster_interface/include/booster_interface/booster_interface/msg/detail/button_event_msg__functions.h\n'}
[13.512551] (booster_interface) StdoutLine: {'line': b'-- Symlinking: /workspace/project/.docker/ros2_install/booster_interface/include/booster_interface/booster_interface/msg/detail/button_event_msg__struct.h\n'}
[13.518859] (booster_interface) StdoutLine: {'line': b'-- Symlinking: /workspace/project/.docker/ros2_install/booster_interface/include/booster_interface/booster_interface/msg/detail/button_event_msg__type_support.h\n'}
[13.524808] (booster_interface) StdoutLine: {'line': b'-- Symlinking: /workspace/project/.docker/ros2_install/booster_interface/include/booster_interface/booster_interface/msg/detail/fall_down_state__functions.h\n'}
[13.530113] (booster_interface) StdoutLine: {'line': b'-- Symlinking: /workspace/project/.docker/ros2_install/booster_interface/include/booster_interface/booster_interface/msg/detail/fall_down_state__struct.h\n'}
[13.536304] (booster_interface) StdoutLine: {'line': b'-- Symlinking: /workspace/project/.docker/ros2_install/booster_interface/include/booster_interface/booster_interface/msg/detail/fall_down_state__type_support.h\n'}
[13.542361] (booster_interface) StdoutLine: {'line': b'-- Symlinking: /workspace/project/.docker/ros2_install/booster_interface/include/booster_interface/booster_interface/msg/detail/hand_command__functions.h\n'}
[13.547582] (booster_interface) StdoutLine: {'line': b'-- Symlinking: /workspace/project/.docker/ros2_install/booster_interface/include/booster_interface/booster_interface/msg/detail/hand_command__struct.h\n'}
[13.553022] (booster_interface) StdoutLine: {'line': b'-- Symlinking: /workspace/project/.docker/ros2_install/booster_interface/include/booster_interface/booster_interface/msg/detail/hand_command__type_support.h\n'}
[13.558439] (booster_interface) StdoutLine: {'line': b'-- Symlinking: /workspace/project/.docker/ros2_install/booster_interface/include/booster_interface/booster_interface/msg/detail/hand_dds_msg__functions.h\n'}
[13.563401] (booster_interface) StdoutLine: {'line': b'-- Symlinking: /workspace/project/.docker/ros2_install/booster_interface/include/booster_interface/booster_interface/msg/detail/hand_dds_msg__struct.h\n'}
[13.568177] (booster_interface) StdoutLine: {'line': b'-- Symlinking: /workspace/project/.docker/ros2_install/booster_interface/include/booster_interface/booster_interface/msg/detail/hand_dds_msg__type_support.h\n'}
[13.573088] (booster_interface) StdoutLine: {'line': b'-- Symlinking: /workspace/project/.docker/ros2_install/booster_interface/include/booster_interface/booster_interface/msg/detail/hand_param__functions.h\n'}
[13.577956] (booster_interface) StdoutLine: {'line': b'-- Symlinking: /workspace/project/.docker/ros2_install/booster_interface/include/booster_interface/booster_interface/msg/detail/hand_param__struct.h\n'}
[13.578290] (-) TimerEvent: {}
[13.582713] (booster_interface) StdoutLine: {'line': b'-- Symlinking: /workspace/project/.docker/ros2_install/booster_interface/include/booster_interface/booster_interface/msg/detail/hand_param__type_support.h\n'}
[13.587541] (booster_interface) StdoutLine: {'line': b'-- Symlinking: /workspace/project/.docker/ros2_install/booster_interface/include/booster_interface/booster_interface/msg/detail/imu_state__functions.h\n'}
[13.593164] (booster_interface) StdoutLine: {'line': b'-- Symlinking: /workspace/project/.docker/ros2_install/booster_interface/include/booster_interface/booster_interface/msg/detail/imu_state__struct.h\n'}
[13.600071] (booster_interface) StdoutLine: {'line': b'-- Symlinking: /workspace/project/.docker/ros2_install/booster_interface/include/booster_interface/booster_interface/msg/detail/imu_state__type_support.h\n'}
[13.605876] (booster_interface) StdoutLine: {'line': b'-- Symlinking: /workspace/project/.docker/ros2_install/booster_interface/include/booster_interface/booster_interface/msg/detail/low_cmd__functions.h\n'}
[13.611915] (booster_interface) StdoutLine: {'line': b'-- Symlinking: /workspace/project/.docker/ros2_install/booster_interface/include/booster_interface/booster_interface/msg/detail/low_cmd__struct.h\n'}
[13.618164] (booster_interface) StdoutLine: {'line': b'-- Symlinking: /workspace/project/.docker/ros2_install/booster_interface/include/booster_interface/booster_interface/msg/detail/low_cmd__type_support.h\n'}
[13.629773] (booster_interface) StdoutLine: {'line': b'-- Symlinking: /workspace/project/.docker/ros2_install/booster_interface/include/booster_interface/booster_interface/msg/detail/low_state__functions.h\n'}
[13.651878] (booster_interface) StdoutLine: {'line': b'-- Symlinking: /workspace/project/.docker/ros2_install/booster_interface/include/booster_interface/booster_interface/msg/detail/low_state__struct.h\n'}
[13.658901] (booster_interface) StdoutLine: {'line': b'-- Symlinking: /workspace/project/.docker/ros2_install/booster_interface/include/booster_interface/booster_interface/msg/detail/low_state__type_support.h\n'}
[13.664799] (booster_interface) StdoutLine: {'line': b'-- Symlinking: /workspace/project/.docker/ros2_install/booster_interface/include/booster_interface/booster_interface/msg/detail/motor_cmd__functions.h\n'}
[13.670579] (booster_interface) StdoutLine: {'line': b'-- Symlinking: /workspace/project/.docker/ros2_install/booster_interface/include/booster_interface/booster_interface/msg/detail/motor_cmd__struct.h\n'}
[13.676262] (booster_interface) StdoutLine: {'line': b'-- Symlinking: /workspace/project/.docker/ros2_install/booster_interface/include/booster_interface/booster_interface/msg/detail/motor_cmd__type_support.h\n'}
[13.678814] (-) TimerEvent: {}
[13.682455] (booster_interface) StdoutLine: {'line': b'-- Symlinking: /workspace/project/.docker/ros2_install/booster_interface/include/booster_interface/booster_interface/msg/detail/motor_state__functions.h\n'}
[13.687913] (booster_interface) StdoutLine: {'line': b'-- Symlinking: /workspace/project/.docker/ros2_install/booster_interface/include/booster_interface/booster_interface/msg/detail/motor_state__struct.h\n'}
[13.693772] (booster_interface) StdoutLine: {'line': b'-- Symlinking: /workspace/project/.docker/ros2_install/booster_interface/include/booster_interface/booster_interface/msg/detail/motor_state__type_support.h\n'}
[13.699620] (booster_interface) StdoutLine: {'line': b'-- Symlinking: /workspace/project/.docker/ros2_install/booster_interface/include/booster_interface/booster_interface/msg/detail/odometer__functions.h\n'}
[13.704803] (booster_interface) StdoutLine: {'line': b'-- Symlinking: /workspace/project/.docker/ros2_install/booster_interface/include/booster_interface/booster_interface/msg/detail/odometer__struct.h\n'}
[13.710824] (booster_interface) StdoutLine: {'line': b'-- Symlinking: /workspace/project/.docker/ros2_install/booster_interface/include/booster_interface/booster_interface/msg/detail/odometer__type_support.h\n'}
[13.716398] (booster_interface) StdoutLine: {'line': b'-- Symlinking: /workspace/project/.docker/ros2_install/booster_interface/include/booster_interface/booster_interface/msg/detail/prone_body_control_status__functions.h\n'}
[13.721923] (booster_interface) StdoutLine: {'line': b'-- Symlinking: /workspace/project/.docker/ros2_install/booster_interface/include/booster_interface/booster_interface/msg/detail/prone_body_control_status__struct.h\n'}
[13.727316] (booster_interface) StdoutLine: {'line': b'-- Symlinking: /workspace/project/.docker/ros2_install/booster_interface/include/booster_interface/booster_interface/msg/detail/prone_body_control_status__type_support.h\n'}
[13.732618] (booster_interface) StdoutLine: {'line': b'-- Symlinking: /workspace/project/.docker/ros2_install/booster_interface/include/booster_interface/booster_interface/msg/detail/raw_bytes_msg__functions.h\n'}
[13.737780] (booster_interface) StdoutLine: {'line': b'-- Symlinking: /workspace/project/.docker/ros2_install/booster_interface/include/booster_interface/booster_interface/msg/detail/raw_bytes_msg__struct.h\n'}
[13.743240] (booster_interface) StdoutLine: {'line': b'-- Symlinking: /workspace/project/.docker/ros2_install/booster_interface/include/booster_interface/booster_interface/msg/detail/raw_bytes_msg__type_support.h\n'}
[13.748737] (booster_interface) StdoutLine: {'line': b'-- Symlinking: /workspace/project/.docker/ros2_install/booster_interface/include/booster_interface/booster_interface/msg/detail/remote_controller_state__functions.h\n'}
[13.754593] (booster_interface) StdoutLine: {'line': b'-- Symlinking: /workspace/project/.docker/ros2_install/booster_interface/include/booster_interface/booster_interface/msg/detail/remote_controller_state__struct.h\n'}
[13.760019] (booster_interface) StdoutLine: {'line': b'-- Symlinking: /workspace/project/.docker/ros2_install/booster_interface/include/booster_interface/booster_interface/msg/detail/remote_controller_state__type_support.h\n'}
[13.765987] (booster_interface) StdoutLine: {'line': b'-- Symlinking: /workspace/project/.docker/ros2_install/booster_interface/include/booster_interface/booster_interface/msg/detail/robot_replay_traj_id__functions.h\n'}
[13.773161] (booster_interface) StdoutLine: {'line': b'-- Symlinking: /workspace/project/.docker/ros2_install/booster_interface/include/booster_interface/booster_interface/msg/detail/robot_replay_traj_id__struct.h\n'}
[13.779316] (booster_interface) StdoutLine: {'line': b'-- Symlinking: /workspace/project/.docker/ros2_install/booster_interface/include/booster_interface/booster_interface/msg/detail/robot_replay_traj_id__type_support.h\n'}
[13.779609] (-) TimerEvent: {}
[13.785132] (booster_interface) StdoutLine: {'line': b'-- Symlinking: /workspace/project/.docker/ros2_install/booster_interface/include/booster_interface/booster_interface/msg/detail/robot_states_msg__functions.h\n'}
[13.791005] (booster_interface) StdoutLine: {'line': b'-- Symlinking: /workspace/project/.docker/ros2_install/booster_interface/include/booster_interface/booster_interface/msg/detail/robot_states_msg__struct.h\n'}
[13.796935] (booster_interface) StdoutLine: {'line': b'-- Symlinking: /workspace/project/.docker/ros2_install/booster_interface/include/booster_interface/booster_interface/msg/detail/robot_states_msg__type_support.h\n'}
[13.802429] (booster_interface) StdoutLine: {'line': b'-- Symlinking: /workspace/project/.docker/ros2_install/booster_interface/include/booster_interface/booster_interface/msg/detail/subtitle__functions.h\n'}
[13.807661] (booster_interface) StdoutLine: {'line': b'-- Symlinking: /workspace/project/.docker/ros2_install/booster_interface/include/booster_interface/booster_interface/msg/detail/subtitle__struct.h\n'}
[13.812826] (booster_interface) StdoutLine: {'line': b'-- Symlinking: /workspace/project/.docker/ros2_install/booster_interface/include/booster_interface/booster_interface/msg/detail/subtitle__type_support.h\n'}
[13.818514] (booster_interface) StdoutLine: {'line': b'-- Symlinking: /workspace/project/.docker/ros2_install/booster_interface/include/booster_interface/booster_interface/msg/fall_down_state.h\n'}
[13.825012] (booster_interface) StdoutLine: {'line': b'-- Symlinking: /workspace/project/.docker/ros2_install/booster_interface/include/booster_interface/booster_interface/msg/hand_command.h\n'}
[13.830874] (booster_interface) StdoutLine: {'line': b'-- Symlinking: /workspace/project/.docker/ros2_install/booster_interface/include/booster_interface/booster_interface/msg/hand_dds_msg.h\n'}
[13.836697] (booster_interface) StdoutLine: {'line': b'-- Symlinking: /workspace/project/.docker/ros2_install/booster_interface/include/booster_interface/booster_interface/msg/hand_param.h\n'}
[13.842720] (booster_interface) StdoutLine: {'line': b'-- Symlinking: /workspace/project/.docker/ros2_install/booster_interface/include/booster_interface/booster_interface/msg/imu_state.h\n'}
[13.848428] (booster_interface) StdoutLine: {'line': b'-- Symlinking: /workspace/project/.docker/ros2_install/booster_interface/include/booster_interface/booster_interface/msg/low_cmd.h\n'}
[13.854739] (booster_interface) StdoutLine: {'line': b'-- Symlinking: /workspace/project/.docker/ros2_install/booster_interface/include/booster_interface/booster_interface/msg/low_state.h\n'}
[13.860774] (booster_interface) StdoutLine: {'line': b'-- Symlinking: /workspace/project/.docker/ros2_install/booster_interface/include/booster_interface/booster_interface/msg/motor_cmd.h\n'}
[13.866032] (booster_interface) StdoutLine: {'line': b'-- Symlinking: /workspace/project/.docker/ros2_install/booster_interface/include/booster_interface/booster_interface/msg/motor_state.h\n'}
[13.870829] (booster_interface) StdoutLine: {'line': b'-- Symlinking: /workspace/project/.docker/ros2_install/booster_interface/include/booster_interface/booster_interface/msg/odometer.h\n'}
[13.877221] (booster_interface) StdoutLine: {'line': b'-- Symlinking: /workspace/project/.docker/ros2_install/booster_interface/include/booster_interface/booster_interface/msg/prone_body_control_status.h\n'}
[13.879843] (-) TimerEvent: {}
[13.882797] (booster_interface) StdoutLine: {'line': b'-- Symlinking: /workspace/project/.docker/ros2_install/booster_interface/include/booster_interface/booster_interface/msg/raw_bytes_msg.h\n'}
[13.888484] (booster_interface) StdoutLine: {'line': b'-- Symlinking: /workspace/project/.docker/ros2_install/booster_interface/include/booster_interface/booster_interface/msg/remote_controller_state.h\n'}
[13.893998] (booster_interface) StdoutLine: {'line': b'-- Symlinking: /workspace/project/.docker/ros2_install/booster_interface/include/booster_interface/booster_interface/msg/robot_replay_traj_id.h\n'}
[13.898876] (booster_interface) StdoutLine: {'line': b'-- Symlinking: /workspace/project/.docker/ros2_install/booster_interface/include/booster_interface/booster_interface/msg/robot_states_msg.h\n'}
[13.903981] (booster_interface) StdoutLine: {'line': b'-- Symlinking: /workspace/project/.docker/ros2_install/booster_interface/include/booster_interface/booster_interface/msg/rosidl_generator_c__visibility_control.h\n'}
[13.909795] (booster_interface) StdoutLine: {'line': b'-- Symlinking: /workspace/project/.docker/ros2_install/booster_interface/include/booster_interface/booster_interface/msg/subtitle.h\n'}
[13.915776] (booster_interface) StdoutLine: {'line': b'-- Symlinking: /workspace/project/.docker/ros2_install/booster_interface/include/booster_interface/booster_interface/srv/agent_service.h\n'}
[13.921923] (booster_interface) StdoutLine: {'line': b'-- Symlinking: /workspace/project/.docker/ros2_install/booster_interface/include/booster_interface/booster_interface/srv/detail/agent_service__functions.h\n'}
[13.927541] (booster_interface) StdoutLine: {'line': b'-- Symlinking: /workspace/project/.docker/ros2_install/booster_interface/include/booster_interface/booster_interface/srv/detail/agent_service__struct.h\n'}
[13.933613] (booster_interface) StdoutLine: {'line': b'-- Symlinking: /workspace/project/.docker/ros2_install/booster_interface/include/booster_interface/booster_interface/srv/detail/agent_service__type_support.h\n'}
[13.939035] (booster_interface) StdoutLine: {'line': b'-- Symlinking: /workspace/project/.docker/ros2_install/booster_interface/include/booster_interface/booster_interface/srv/detail/rpc_service__functions.h\n'}
[13.944022] (booster_interface) StdoutLine: {'line': b'-- Symlinking: /workspace/project/.docker/ros2_install/booster_interface/include/booster_interface/booster_interface/srv/detail/rpc_service__struct.h\n'}
[13.949901] (booster_interface) StdoutLine: {'line': b'-- Symlinking: /workspace/project/.docker/ros2_install/booster_interface/include/booster_interface/booster_interface/srv/detail/rpc_service__type_support.h\n'}
[13.955973] (booster_interface) StdoutLine: {'line': b'-- Symlinking: /workspace/project/.docker/ros2_install/booster_interface/include/booster_interface/booster_interface/srv/rpc_service.h\n'}
[13.962167] (booster_interface) StdoutLine: {'line': b'-- Symlinking: /workspace/project/.docker/ros2_install/booster_interface/share/booster_interface/environment/library_path.sh\n'}
[13.968630] (booster_interface) StdoutLine: {'line': b'-- Symlinking: /workspace/project/.docker/ros2_install/booster_interface/share/booster_interface/environment/library_path.dsv\n'}
[13.977494] (booster_interface) StdoutLine: {'line': b'-- Symlinking: /workspace/project/.docker/ros2_install/booster_interface/include/booster_interface/booster_interface/msg/detail/booster_api_req_msg__rosidl_typesupport_fastrtps_c.h\n'}
[13.980075] (-) TimerEvent: {}
[13.983274] (booster_interface) StdoutLine: {'line': b'-- Symlinking: /workspace/project/.docker/ros2_install/booster_interface/include/booster_interface/booster_interface/msg/detail/booster_api_resp_msg__rosidl_typesupport_fastrtps_c.h\n'}
[13.988899] (booster_interface) StdoutLine: {'line': b'-- Symlinking: /workspace/project/.docker/ros2_install/booster_interface/include/booster_interface/booster_interface/msg/detail/button_event_msg__rosidl_typesupport_fastrtps_c.h\n'}
[13.994519] (booster_interface) StdoutLine: {'line': b'-- Symlinking: /workspace/project/.docker/ros2_install/booster_interface/include/booster_interface/booster_interface/msg/detail/fall_down_state__rosidl_typesupport_fastrtps_c.h\n'}
[13.999833] (booster_interface) StdoutLine: {'line': b'-- Symlinking: /workspace/project/.docker/ros2_install/booster_interface/include/booster_interface/booster_interface/msg/detail/hand_command__rosidl_typesupport_fastrtps_c.h\n'}
[14.005577] (booster_interface) StdoutLine: {'line': b'-- Symlinking: /workspace/project/.docker/ros2_install/booster_interface/include/booster_interface/booster_interface/msg/detail/hand_dds_msg__rosidl_typesupport_fastrtps_c.h\n'}
[14.011004] (booster_interface) StdoutLine: {'line': b'-- Symlinking: /workspace/project/.docker/ros2_install/booster_interface/include/booster_interface/booster_interface/msg/detail/hand_param__rosidl_typesupport_fastrtps_c.h\n'}
[14.016924] (booster_interface) StdoutLine: {'line': b'-- Symlinking: /workspace/project/.docker/ros2_install/booster_interface/include/booster_interface/booster_interface/msg/detail/imu_state__rosidl_typesupport_fastrtps_c.h\n'}
[14.023488] (booster_interface) StdoutLine: {'line': b'-- Symlinking: /workspace/project/.docker/ros2_install/booster_interface/include/booster_interface/booster_interface/msg/detail/low_cmd__rosidl_typesupport_fastrtps_c.h\n'}
[14.030492] (booster_interface) StdoutLine: {'line': b'-- Symlinking: /workspace/project/.docker/ros2_install/booster_interface/include/booster_interface/booster_interface/msg/detail/low_state__rosidl_typesupport_fastrtps_c.h\n'}
[14.036928] (booster_interface) StdoutLine: {'line': b'-- Symlinking: /workspace/project/.docker/ros2_install/booster_interface/include/booster_interface/booster_interface/msg/detail/motor_cmd__rosidl_typesupport_fastrtps_c.h\n'}
[14.042659] (booster_interface) StdoutLine: {'line': b'-- Symlinking: /workspace/project/.docker/ros2_install/booster_interface/include/booster_interface/booster_interface/msg/detail/motor_state__rosidl_typesupport_fastrtps_c.h\n'}
[14.048547] (booster_interface) StdoutLine: {'line': b'-- Symlinking: /workspace/project/.docker/ros2_install/booster_interface/include/booster_interface/booster_interface/msg/detail/odometer__rosidl_typesupport_fastrtps_c.h\n'}
[14.054124] (booster_interface) StdoutLine: {'line': b'-- Symlinking: /workspace/project/.docker/ros2_install/booster_interface/include/booster_interface/booster_interface/msg/detail/prone_body_control_status__rosidl_typesupport_fastrtps_c.h\n'}
[14.059678] (booster_interface) StdoutLine: {'line': b'-- Symlinking: /workspace/project/.docker/ros2_install/booster_interface/include/booster_interface/booster_interface/msg/detail/raw_bytes_msg__rosidl_typesupport_fastrtps_c.h\n'}
[14.064806] (booster_interface) StdoutLine: {'line': b'-- Symlinking: /workspace/project/.docker/ros2_install/booster_interface/include/booster_interface/booster_interface/msg/detail/remote_controller_state__rosidl_typesupport_fastrtps_c.h\n'}
[14.070006] (booster_interface) StdoutLine: {'line': b'-- Symlinking: /workspace/project/.docker/ros2_install/booster_interface/include/booster_interface/booster_interface/msg/detail/robot_replay_traj_id__rosidl_typesupport_fastrtps_c.h\n'}
[14.076091] (booster_interface) StdoutLine: {'line': b'-- Symlinking: /workspace/project/.docker/ros2_install/booster_interface/include/booster_interface/booster_interface/msg/detail/robot_states_msg__rosidl_typesupport_fastrtps_c.h\n'}
[14.080822] (-) TimerEvent: {}
[14.082119] (booster_interface) StdoutLine: {'line': b'-- Symlinking: /workspace/project/.docker/ros2_install/booster_interface/include/booster_interface/booster_interface/msg/detail/subtitle__rosidl_typesupport_fastrtps_c.h\n'}
[14.088119] (booster_interface) StdoutLine: {'line': b'-- Symlinking: /workspace/project/.docker/ros2_install/booster_interface/include/booster_interface/booster_interface/msg/rosidl_typesupport_fastrtps_c__visibility_control.h\n'}
[14.094116] (booster_interface) StdoutLine: {'line': b'-- Symlinking: /workspace/project/.docker/ros2_install/booster_interface/include/booster_interface/booster_interface/srv/detail/agent_service__rosidl_typesupport_fastrtps_c.h\n'}
[14.099586] (booster_interface) StdoutLine: {'line': b'-- Symlinking: /workspace/project/.docker/ros2_install/booster_interface/include/booster_interface/booster_interface/srv/detail/rpc_service__rosidl_typesupport_fastrtps_c.h\n'}
[14.108536] (booster_interface) StdoutLine: {'line': b'-- Symlinking: /workspace/project/.docker/ros2_install/booster_interface/include/booster_interface/booster_interface/msg/booster_api_req_msg.hpp\n'}
[14.113939] (booster_interface) StdoutLine: {'line': b'-- Symlinking: /workspace/project/.docker/ros2_install/booster_interface/include/booster_interface/booster_interface/msg/booster_api_resp_msg.hpp\n'}
[14.119478] (booster_interface) StdoutLine: {'line': b'-- Symlinking: /workspace/project/.docker/ros2_install/booster_interface/include/booster_interface/booster_interface/msg/button_event_msg.hpp\n'}
[14.124882] (booster_interface) StdoutLine: {'line': b'-- Symlinking: /workspace/project/.docker/ros2_install/booster_interface/include/booster_interface/booster_interface/msg/detail/booster_api_req_msg__builder.hpp\n'}
[14.129761] (booster_interface) StdoutLine: {'line': b'-- Symlinking: /workspace/project/.docker/ros2_install/booster_interface/include/booster_interface/booster_interface/msg/detail/booster_api_req_msg__struct.hpp\n'}
[14.135370] (booster_interface) StdoutLine: {'line': b'-- Symlinking: /workspace/project/.docker/ros2_install/booster_interface/include/booster_interface/booster_interface/msg/detail/booster_api_req_msg__traits.hpp\n'}
[14.140478] (booster_interface) StdoutLine: {'line': b'-- Symlinking: /workspace/project/.docker/ros2_install/booster_interface/include/booster_interface/booster_interface/msg/detail/booster_api_req_msg__type_support.hpp\n'}
[14.145550] (booster_interface) StdoutLine: {'line': b'-- Symlinking: /workspace/project/.docker/ros2_install/booster_interface/include/booster_interface/booster_interface/msg/detail/booster_api_resp_msg__builder.hpp\n'}
[14.150774] (booster_interface) StdoutLine: {'line': b'-- Symlinking: /workspace/project/.docker/ros2_install/booster_interface/include/booster_interface/booster_interface/msg/detail/booster_api_resp_msg__struct.hpp\n'}
[14.155840] (booster_interface) StdoutLine: {'line': b'-- Symlinking: /workspace/project/.docker/ros2_install/booster_interface/include/booster_interface/booster_interface/msg/detail/booster_api_resp_msg__traits.hpp\n'}
[14.161497] (booster_interface) StdoutLine: {'line': b'-- Symlinking: /workspace/project/.docker/ros2_install/booster_interface/include/booster_interface/booster_interface/msg/detail/booster_api_resp_msg__type_support.hpp\n'}
[14.166541] (booster_interface) StdoutLine: {'line': b'-- Symlinking: /workspace/project/.docker/ros2_install/booster_interface/include/booster_interface/booster_interface/msg/detail/button_event_msg__builder.hpp\n'}
[14.171882] (booster_interface) StdoutLine: {'line': b'-- Symlinking: /workspace/project/.docker/ros2_install/booster_interface/include/booster_interface/booster_interface/msg/detail/button_event_msg__struct.hpp\n'}
[14.177270] (booster_interface) StdoutLine: {'line': b'-- Symlinking: /workspace/project/.docker/ros2_install/booster_interface/include/booster_interface/booster_interface/msg/detail/button_event_msg__traits.hpp\n'}
[14.181867] (-) TimerEvent: {}
[14.183328] (booster_interface) StdoutLine: {'line': b'-- Symlinking: /workspace/project/.docker/ros2_install/booster_interface/include/booster_interface/booster_interface/msg/detail/button_event_msg__type_support.hpp\n'}
[14.189319] (booster_interface) StdoutLine: {'line': b'-- Symlinking: /workspace/project/.docker/ros2_install/booster_interface/include/booster_interface/booster_interface/msg/detail/fall_down_state__builder.hpp\n'}
[14.194804] (booster_interface) StdoutLine: {'line': b'-- Symlinking: /workspace/project/.docker/ros2_install/booster_interface/include/booster_interface/booster_interface/msg/detail/fall_down_state__struct.hpp\n'}
[14.200483] (booster_interface) StdoutLine: {'line': b'-- Symlinking: /workspace/project/.docker/ros2_install/booster_interface/include/booster_interface/booster_interface/msg/detail/fall_down_state__traits.hpp\n'}
[14.206130] (booster_interface) StdoutLine: {'line': b'-- Symlinking: /workspace/project/.docker/ros2_install/booster_interface/include/booster_interface/booster_interface/msg/detail/fall_down_state__type_support.hpp\n'}
[14.211724] (booster_interface) StdoutLine: {'line': b'-- Symlinking: /workspace/project/.docker/ros2_install/booster_interface/include/booster_interface/booster_interface/msg/detail/hand_command__builder.hpp\n'}
[14.217584] (booster_interface) StdoutLine: {'line': b'-- Symlinking: /workspace/project/.docker/ros2_install/booster_interface/include/booster_interface/booster_interface/msg/detail/hand_command__struct.hpp\n'}
[14.223313] (booster_interface) StdoutLine: {'line': b'-- Symlinking: /workspace/project/.docker/ros2_install/booster_interface/include/booster_interface/booster_interface/msg/detail/hand_command__traits.hpp\n'}
[14.229099] (booster_interface) StdoutLine: {'line': b'-- Symlinking: /workspace/project/.docker/ros2_install/booster_interface/include/booster_interface/booster_interface/msg/detail/hand_command__type_support.hpp\n'}
[14.234515] (booster_interface) StdoutLine: {'line': b'-- Symlinking: /workspace/project/.docker/ros2_install/booster_interface/include/booster_interface/booster_interface/msg/detail/hand_dds_msg__builder.hpp\n'}
[14.240402] (booster_interface) StdoutLine: {'line': b'-- Symlinking: /workspace/project/.docker/ros2_install/booster_interface/include/booster_interface/booster_interface/msg/detail/hand_dds_msg__struct.hpp\n'}
[14.246726] (booster_interface) StdoutLine: {'line': b'-- Symlinking: /workspace/project/.docker/ros2_install/booster_interface/include/booster_interface/booster_interface/msg/detail/hand_dds_msg__traits.hpp\n'}
[14.252863] (booster_interface) StdoutLine: {'line': b'-- Symlinking: /workspace/project/.docker/ros2_install/booster_interface/include/booster_interface/booster_interface/msg/detail/hand_dds_msg__type_support.hpp\n'}
[14.258781] (booster_interface) StdoutLine: {'line': b'-- Symlinking: /workspace/project/.docker/ros2_install/booster_interface/include/booster_interface/booster_interface/msg/detail/hand_param__builder.hpp\n'}
[14.264727] (booster_interface) StdoutLine: {'line': b'-- Symlinking: /workspace/project/.docker/ros2_install/booster_interface/include/booster_interface/booster_interface/msg/detail/hand_param__struct.hpp\n'}
[14.270179] (booster_interface) StdoutLine: {'line': b'-- Symlinking: /workspace/project/.docker/ros2_install/booster_interface/include/booster_interface/booster_interface/msg/detail/hand_param__traits.hpp\n'}
[14.276623] (booster_interface) StdoutLine: {'line': b'-- Symlinking: /workspace/project/.docker/ros2_install/booster_interface/include/booster_interface/booster_interface/msg/detail/hand_param__type_support.hpp\n'}
[14.282848] (-) TimerEvent: {}
[14.283722] (booster_interface) StdoutLine: {'line': b'-- Symlinking: /workspace/project/.docker/ros2_install/booster_interface/include/booster_interface/booster_interface/msg/detail/imu_state__builder.hpp\n'}
[14.289520] (booster_interface) StdoutLine: {'line': b'-- Symlinking: /workspace/project/.docker/ros2_install/booster_interface/include/booster_interface/booster_interface/msg/detail/imu_state__struct.hpp\n'}
[14.294880] (booster_interface) StdoutLine: {'line': b'-- Symlinking: /workspace/project/.docker/ros2_install/booster_interface/include/booster_interface/booster_interface/msg/detail/imu_state__traits.hpp\n'}
[14.300185] (booster_interface) StdoutLine: {'line': b'-- Symlinking: /workspace/project/.docker/ros2_install/booster_interface/include/booster_interface/booster_interface/msg/detail/imu_state__type_support.hpp\n'}
[14.306103] (booster_interface) StdoutLine: {'line': b'-- Symlinking: /workspace/project/.docker/ros2_install/booster_interface/include/booster_interface/booster_interface/msg/detail/low_cmd__builder.hpp\n'}
[14.312236] (booster_interface) StdoutLine: {'line': b'-- Symlinking: /workspace/project/.docker/ros2_install/booster_interface/include/booster_interface/booster_interface/msg/detail/low_cmd__struct.hpp\n'}
[14.317843] (booster_interface) StdoutLine: {'line': b'-- Symlinking: /workspace/project/.docker/ros2_install/booster_interface/include/booster_interface/booster_interface/msg/detail/low_cmd__traits.hpp\n'}
[14.323514] (booster_interface) StdoutLine: {'line': b'-- Symlinking: /workspace/project/.docker/ros2_install/booster_interface/include/booster_interface/booster_interface/msg/detail/low_cmd__type_support.hpp\n'}
[14.329040] (booster_interface) StdoutLine: {'line': b'-- Symlinking: /workspace/project/.docker/ros2_install/booster_interface/include/booster_interface/booster_interface/msg/detail/low_state__builder.hpp\n'}
[14.334864] (booster_interface) StdoutLine: {'line': b'-- Symlinking: /workspace/project/.docker/ros2_install/booster_interface/include/booster_interface/booster_interface/msg/detail/low_state__struct.hpp\n'}
[14.340879] (booster_interface) StdoutLine: {'line': b'-- Symlinking: /workspace/project/.docker/ros2_install/booster_interface/include/booster_interface/booster_interface/msg/detail/low_state__traits.hpp\n'}
[14.346741] (booster_interface) StdoutLine: {'line': b'-- Symlinking: /workspace/project/.docker/ros2_install/booster_interface/include/booster_interface/booster_interface/msg/detail/low_state__type_support.hpp\n'}
[14.352954] (booster_interface) StdoutLine: {'line': b'-- Symlinking: /workspace/project/.docker/ros2_install/booster_interface/include/booster_interface/booster_interface/msg/detail/motor_cmd__builder.hpp\n'}
[14.358676] (booster_interface) StdoutLine: {'line': b'-- Symlinking: /workspace/project/.docker/ros2_install/booster_interface/include/booster_interface/booster_interface/msg/detail/motor_cmd__struct.hpp\n'}
[14.364220] (booster_interface) StdoutLine: {'line': b'-- Symlinking: /workspace/project/.docker/ros2_install/booster_interface/include/booster_interface/booster_interface/msg/detail/motor_cmd__traits.hpp\n'}
[14.369767] (booster_interface) StdoutLine: {'line': b'-- Symlinking: /workspace/project/.docker/ros2_install/booster_interface/include/booster_interface/booster_interface/msg/detail/motor_cmd__type_support.hpp\n'}
[14.375334] (booster_interface) StdoutLine: {'line': b'-- Symlinking: /workspace/project/.docker/ros2_install/booster_interface/include/booster_interface/booster_interface/msg/detail/motor_state__builder.hpp\n'}
[14.380933] (booster_interface) StdoutLine: {'line': b'-- Symlinking: /workspace/project/.docker/ros2_install/booster_interface/include/booster_interface/booster_interface/msg/detail/motor_state__struct.hpp\n'}
[14.383972] (-) TimerEvent: {}
[14.386334] (booster_interface) StdoutLine: {'line': b'-- Symlinking: /workspace/project/.docker/ros2_install/booster_interface/include/booster_interface/booster_interface/msg/detail/motor_state__traits.hpp\n'}
[14.392174] (booster_interface) StdoutLine: {'line': b'-- Symlinking: /workspace/project/.docker/ros2_install/booster_interface/include/booster_interface/booster_interface/msg/detail/motor_state__type_support.hpp\n'}
[14.398248] (booster_interface) StdoutLine: {'line': b'-- Symlinking: /workspace/project/.docker/ros2_install/booster_interface/include/booster_interface/booster_interface/msg/detail/odometer__builder.hpp\n'}
[14.404487] (booster_interface) StdoutLine: {'line': b'-- Symlinking: /workspace/project/.docker/ros2_install/booster_interface/include/booster_interface/booster_interface/msg/detail/odometer__struct.hpp\n'}
[14.409921] (booster_interface) StdoutLine: {'line': b'-- Symlinking: /workspace/project/.docker/ros2_install/booster_interface/include/booster_interface/booster_interface/msg/detail/odometer__traits.hpp\n'}
[14.416053] (booster_interface) StdoutLine: {'line': b'-- Symlinking: /workspace/project/.docker/ros2_install/booster_interface/include/booster_interface/booster_interface/msg/detail/odometer__type_support.hpp\n'}
[14.421741] (booster_interface) StdoutLine: {'line': b'-- Symlinking: /workspace/project/.docker/ros2_install/booster_interface/include/booster_interface/booster_interface/msg/detail/prone_body_control_status__builder.hpp\n'}
[14.428097] (booster_interface) StdoutLine: {'line': b'-- Symlinking: /workspace/project/.docker/ros2_install/booster_interface/include/booster_interface/booster_interface/msg/detail/prone_body_control_status__struct.hpp\n'}
[14.433427] (booster_interface) StdoutLine: {'line': b'-- Symlinking: /workspace/project/.docker/ros2_install/booster_interface/include/booster_interface/booster_interface/msg/detail/prone_body_control_status__traits.hpp\n'}
[14.440334] (booster_interface) StdoutLine: {'line': b'-- Symlinking: /workspace/project/.docker/ros2_install/booster_interface/include/booster_interface/booster_interface/msg/detail/prone_body_control_status__type_support.hpp\n'}
[14.445884] (booster_interface) StdoutLine: {'line': b'-- Symlinking: /workspace/project/.docker/ros2_install/booster_interface/include/booster_interface/booster_interface/msg/detail/raw_bytes_msg__builder.hpp\n'}
[14.451758] (booster_interface) StdoutLine: {'line': b'-- Symlinking: /workspace/project/.docker/ros2_install/booster_interface/include/booster_interface/booster_interface/msg/detail/raw_bytes_msg__struct.hpp\n'}
[14.457389] (booster_interface) StdoutLine: {'line': b'-- Symlinking: /workspace/project/.docker/ros2_install/booster_interface/include/booster_interface/booster_interface/msg/detail/raw_bytes_msg__traits.hpp\n'}
[14.463150] (booster_interface) StdoutLine: {'line': b'-- Symlinking: /workspace/project/.docker/ros2_install/booster_interface/include/booster_interface/booster_interface/msg/detail/raw_bytes_msg__type_support.hpp\n'}
[14.468638] (booster_interface) StdoutLine: {'line': b'-- Symlinking: /workspace/project/.docker/ros2_install/booster_interface/include/booster_interface/booster_interface/msg/detail/remote_controller_state__builder.hpp\n'}
[14.474334] (booster_interface) StdoutLine: {'line': b'-- Symlinking: /workspace/project/.docker/ros2_install/booster_interface/include/booster_interface/booster_interface/msg/detail/remote_controller_state__struct.hpp\n'}
[14.479657] (booster_interface) StdoutLine: {'line': b'-- Symlinking: /workspace/project/.docker/ros2_install/booster_interface/include/booster_interface/booster_interface/msg/detail/remote_controller_state__traits.hpp\n'}
[14.484907] (-) TimerEvent: {}
[14.485400] (booster_interface) StdoutLine: {'line': b'-- Symlinking: /workspace/project/.docker/ros2_install/booster_interface/include/booster_interface/booster_interface/msg/detail/remote_controller_state__type_support.hpp\n'}
[14.491610] (booster_interface) StdoutLine: {'line': b'-- Symlinking: /workspace/project/.docker/ros2_install/booster_interface/include/booster_interface/booster_interface/msg/detail/robot_replay_traj_id__builder.hpp\n'}
[14.497014] (booster_interface) StdoutLine: {'line': b'-- Symlinking: /workspace/project/.docker/ros2_install/booster_interface/include/booster_interface/booster_interface/msg/detail/robot_replay_traj_id__struct.hpp\n'}
[14.502268] (booster_interface) StdoutLine: {'line': b'-- Symlinking: /workspace/project/.docker/ros2_install/booster_interface/include/booster_interface/booster_interface/msg/detail/robot_replay_traj_id__traits.hpp\n'}
[14.508133] (booster_interface) StdoutLine: {'line': b'-- Symlinking: /workspace/project/.docker/ros2_install/booster_interface/include/booster_interface/booster_interface/msg/detail/robot_replay_traj_id__type_support.hpp\n'}
[14.513963] (booster_interface) StdoutLine: {'line': b'-- Symlinking: /workspace/project/.docker/ros2_install/booster_interface/include/booster_interface/booster_interface/msg/detail/robot_states_msg__builder.hpp\n'}
[14.518918] (booster_interface) StdoutLine: {'line': b'-- Symlinking: /workspace/project/.docker/ros2_install/booster_interface/include/booster_interface/booster_interface/msg/detail/robot_states_msg__struct.hpp\n'}
[14.524615] (booster_interface) StdoutLine: {'line': b'-- Symlinking: /workspace/project/.docker/ros2_install/booster_interface/include/booster_interface/booster_interface/msg/detail/robot_states_msg__traits.hpp\n'}
[14.529704] (booster_interface) StdoutLine: {'line': b'-- Symlinking: /workspace/project/.docker/ros2_install/booster_interface/include/booster_interface/booster_interface/msg/detail/robot_states_msg__type_support.hpp\n'}
[14.534716] (booster_interface) StdoutLine: {'line': b'-- Symlinking: /workspace/project/.docker/ros2_install/booster_interface/include/booster_interface/booster_interface/msg/detail/subtitle__builder.hpp\n'}
[14.543644] (booster_interface) StdoutLine: {'line': b'-- Symlinking: /workspace/project/.docker/ros2_install/booster_interface/include/booster_interface/booster_interface/msg/detail/subtitle__struct.hpp\n'}
[14.549377] (booster_interface) StdoutLine: {'line': b'-- Symlinking: /workspace/project/.docker/ros2_install/booster_interface/include/booster_interface/booster_interface/msg/detail/subtitle__traits.hpp\n'}
[14.554416] (booster_interface) StdoutLine: {'line': b'-- Symlinking: /workspace/project/.docker/ros2_install/booster_interface/include/booster_interface/booster_interface/msg/detail/subtitle__type_support.hpp\n'}
[14.559709] (booster_interface) StdoutLine: {'line': b'-- Symlinking: /workspace/project/.docker/ros2_install/booster_interface/include/booster_interface/booster_interface/msg/fall_down_state.hpp\n'}
[14.565315] (booster_interface) StdoutLine: {'line': b'-- Symlinking: /workspace/project/.docker/ros2_install/booster_interface/include/booster_interface/booster_interface/msg/hand_command.hpp\n'}
[14.570799] (booster_interface) StdoutLine: {'line': b'-- Symlinking: /workspace/project/.docker/ros2_install/booster_interface/include/booster_interface/booster_interface/msg/hand_dds_msg.hpp\n'}
[14.575986] (booster_interface) StdoutLine: {'line': b'-- Symlinking: /workspace/project/.docker/ros2_install/booster_interface/include/booster_interface/booster_interface/msg/hand_param.hpp\n'}
[14.581585] (booster_interface) StdoutLine: {'line': b'-- Symlinking: /workspace/project/.docker/ros2_install/booster_interface/include/booster_interface/booster_interface/msg/imu_state.hpp\n'}
[14.585807] (-) TimerEvent: {}
[14.586482] (booster_interface) StdoutLine: {'line': b'-- Symlinking: /workspace/project/.docker/ros2_install/booster_interface/include/booster_interface/booster_interface/msg/low_cmd.hpp\n'}
[14.591868] (booster_interface) StdoutLine: {'line': b'-- Symlinking: /workspace/project/.docker/ros2_install/booster_interface/include/booster_interface/booster_interface/msg/low_state.hpp\n'}
[14.597088] (booster_interface) StdoutLine: {'line': b'-- Symlinking: /workspace/project/.docker/ros2_install/booster_interface/include/booster_interface/booster_interface/msg/motor_cmd.hpp\n'}
[14.602511] (booster_interface) StdoutLine: {'line': b'-- Symlinking: /workspace/project/.docker/ros2_install/booster_interface/include/booster_interface/booster_interface/msg/motor_state.hpp\n'}
[14.608026] (booster_interface) StdoutLine: {'line': b'-- Symlinking: /workspace/project/.docker/ros2_install/booster_interface/include/booster_interface/booster_interface/msg/odometer.hpp\n'}
[14.613694] (booster_interface) StdoutLine: {'line': b'-- Symlinking: /workspace/project/.docker/ros2_install/booster_interface/include/booster_interface/booster_interface/msg/prone_body_control_status.hpp\n'}
[14.619864] (booster_interface) StdoutLine: {'line': b'-- Symlinking: /workspace/project/.docker/ros2_install/booster_interface/include/booster_interface/booster_interface/msg/raw_bytes_msg.hpp\n'}
[14.625794] (booster_interface) StdoutLine: {'line': b'-- Symlinking: /workspace/project/.docker/ros2_install/booster_interface/include/booster_interface/booster_interface/msg/remote_controller_state.hpp\n'}
[14.631469] (booster_interface) StdoutLine: {'line': b'-- Symlinking: /workspace/project/.docker/ros2_install/booster_interface/include/booster_interface/booster_interface/msg/robot_replay_traj_id.hpp\n'}
[14.636708] (booster_interface) StdoutLine: {'line': b'-- Symlinking: /workspace/project/.docker/ros2_install/booster_interface/include/booster_interface/booster_interface/msg/robot_states_msg.hpp\n'}
[14.643095] (booster_interface) StdoutLine: {'line': b'-- Symlinking: /workspace/project/.docker/ros2_install/booster_interface/include/booster_interface/booster_interface/msg/rosidl_generator_cpp__visibility_control.hpp\n'}
[14.648486] (booster_interface) StdoutLine: {'line': b'-- Symlinking: /workspace/project/.docker/ros2_install/booster_interface/include/booster_interface/booster_interface/msg/subtitle.hpp\n'}
[14.654216] (booster_interface) StdoutLine: {'line': b'-- Symlinking: /workspace/project/.docker/ros2_install/booster_interface/include/booster_interface/booster_interface/srv/agent_service.hpp\n'}
[14.659918] (booster_interface) StdoutLine: {'line': b'-- Symlinking: /workspace/project/.docker/ros2_install/booster_interface/include/booster_interface/booster_interface/srv/detail/agent_service__builder.hpp\n'}
[14.665396] (booster_interface) StdoutLine: {'line': b'-- Symlinking: /workspace/project/.docker/ros2_install/booster_interface/include/booster_interface/booster_interface/srv/detail/agent_service__struct.hpp\n'}
[14.670160] (booster_interface) StdoutLine: {'line': b'-- Symlinking: /workspace/project/.docker/ros2_install/booster_interface/include/booster_interface/booster_interface/srv/detail/agent_service__traits.hpp\n'}
[14.675657] (booster_interface) StdoutLine: {'line': b'-- Symlinking: /workspace/project/.docker/ros2_install/booster_interface/include/booster_interface/booster_interface/srv/detail/agent_service__type_support.hpp\n'}
[14.681541] (booster_interface) StdoutLine: {'line': b'-- Symlinking: /workspace/project/.docker/ros2_install/booster_interface/include/booster_interface/booster_interface/srv/detail/rpc_service__builder.hpp\n'}
[14.686824] (-) TimerEvent: {}
[14.687321] (booster_interface) StdoutLine: {'line': b'-- Symlinking: /workspace/project/.docker/ros2_install/booster_interface/include/booster_interface/booster_interface/srv/detail/rpc_service__struct.hpp\n'}
[14.693199] (booster_interface) StdoutLine: {'line': b'-- Symlinking: /workspace/project/.docker/ros2_install/booster_interface/include/booster_interface/booster_interface/srv/detail/rpc_service__traits.hpp\n'}
[14.699298] (booster_interface) StdoutLine: {'line': b'-- Symlinking: /workspace/project/.docker/ros2_install/booster_interface/include/booster_interface/booster_interface/srv/detail/rpc_service__type_support.hpp\n'}
[14.705042] (booster_interface) StdoutLine: {'line': b'-- Symlinking: /workspace/project/.docker/ros2_install/booster_interface/include/booster_interface/booster_interface/srv/rpc_service.hpp\n'}
[14.714725] (booster_interface) StdoutLine: {'line': b'-- Symlinking: /workspace/project/.docker/ros2_install/booster_interface/include/booster_interface/booster_interface/msg/detail/booster_api_req_msg__rosidl_typesupport_fastrtps_cpp.hpp\n'}
[14.720276] (booster_interface) StdoutLine: {'line': b'-- Symlinking: /workspace/project/.docker/ros2_install/booster_interface/include/booster_interface/booster_interface/msg/detail/booster_api_resp_msg__rosidl_typesupport_fastrtps_cpp.hpp\n'}
[14.725882] (booster_interface) StdoutLine: {'line': b'-- Symlinking: /workspace/project/.docker/ros2_install/booster_interface/include/booster_interface/booster_interface/msg/detail/button_event_msg__rosidl_typesupport_fastrtps_cpp.hpp\n'}
[14.731476] (booster_interface) StdoutLine: {'line': b'-- Symlinking: /workspace/project/.docker/ros2_install/booster_interface/include/booster_interface/booster_interface/msg/detail/fall_down_state__rosidl_typesupport_fastrtps_cpp.hpp\n'}
[14.736642] (booster_interface) StdoutLine: {'line': b'-- Symlinking: /workspace/project/.docker/ros2_install/booster_interface/include/booster_interface/booster_interface/msg/detail/hand_command__rosidl_typesupport_fastrtps_cpp.hpp\n'}
[14.742480] (booster_interface) StdoutLine: {'line': b'-- Symlinking: /workspace/project/.docker/ros2_install/booster_interface/include/booster_interface/booster_interface/msg/detail/hand_dds_msg__rosidl_typesupport_fastrtps_cpp.hpp\n'}
[14.748462] (booster_interface) StdoutLine: {'line': b'-- Symlinking: /workspace/project/.docker/ros2_install/booster_interface/include/booster_interface/booster_interface/msg/detail/hand_param__rosidl_typesupport_fastrtps_cpp.hpp\n'}
[14.753786] (booster_interface) StdoutLine: {'line': b'-- Symlinking: /workspace/project/.docker/ros2_install/booster_interface/include/booster_interface/booster_interface/msg/detail/imu_state__rosidl_typesupport_fastrtps_cpp.hpp\n'}
[14.759193] (booster_interface) StdoutLine: {'line': b'-- Symlinking: /workspace/project/.docker/ros2_install/booster_interface/include/booster_interface/booster_interface/msg/detail/low_cmd__rosidl_typesupport_fastrtps_cpp.hpp\n'}
[14.764457] (booster_interface) StdoutLine: {'line': b'-- Symlinking: /workspace/project/.docker/ros2_install/booster_interface/include/booster_interface/booster_interface/msg/detail/low_state__rosidl_typesupport_fastrtps_cpp.hpp\n'}
[14.770515] (booster_interface) StdoutLine: {'line': b'-- Symlinking: /workspace/project/.docker/ros2_install/booster_interface/include/booster_interface/booster_interface/msg/detail/motor_cmd__rosidl_typesupport_fastrtps_cpp.hpp\n'}
[14.776054] (booster_interface) StdoutLine: {'line': b'-- Symlinking: /workspace/project/.docker/ros2_install/booster_interface/include/booster_interface/booster_interface/msg/detail/motor_state__rosidl_typesupport_fastrtps_cpp.hpp\n'}
[14.783444] (booster_interface) StdoutLine: {'line': b'-- Symlinking: /workspace/project/.docker/ros2_install/booster_interface/include/booster_interface/booster_interface/msg/detail/odometer__rosidl_typesupport_fastrtps_cpp.hpp\n'}
[14.787845] (-) TimerEvent: {}
[14.791191] (booster_interface) StdoutLine: {'line': b'-- Symlinking: /workspace/project/.docker/ros2_install/booster_interface/include/booster_interface/booster_interface/msg/detail/prone_body_control_status__rosidl_typesupport_fastrtps_cpp.hpp\n'}
[14.796847] (booster_interface) StdoutLine: {'line': b'-- Symlinking: /workspace/project/.docker/ros2_install/booster_interface/include/booster_interface/booster_interface/msg/detail/raw_bytes_msg__rosidl_typesupport_fastrtps_cpp.hpp\n'}
[14.802886] (booster_interface) StdoutLine: {'line': b'-- Symlinking: /workspace/project/.docker/ros2_install/booster_interface/include/booster_interface/booster_interface/msg/detail/remote_controller_state__rosidl_typesupport_fastrtps_cpp.hpp\n'}
[14.809450] (booster_interface) StdoutLine: {'line': b'-- Symlinking: /workspace/project/.docker/ros2_install/booster_interface/include/booster_interface/booster_interface/msg/detail/robot_replay_traj_id__rosidl_typesupport_fastrtps_cpp.hpp\n'}
[14.814538] (booster_interface) StdoutLine: {'line': b'-- Symlinking: /workspace/project/.docker/ros2_install/booster_interface/include/booster_interface/booster_interface/msg/detail/robot_states_msg__rosidl_typesupport_fastrtps_cpp.hpp\n'}
[14.819444] (booster_interface) StdoutLine: {'line': b'-- Symlinking: /workspace/project/.docker/ros2_install/booster_interface/include/booster_interface/booster_interface/msg/detail/subtitle__rosidl_typesupport_fastrtps_cpp.hpp\n'}
[14.825028] (booster_interface) StdoutLine: {'line': b'-- Symlinking: /workspace/project/.docker/ros2_install/booster_interface/include/booster_interface/booster_interface/msg/rosidl_typesupport_fastrtps_cpp__visibility_control.h\n'}
[14.830873] (booster_interface) StdoutLine: {'line': b'-- Symlinking: /workspace/project/.docker/ros2_install/booster_interface/include/booster_interface/booster_interface/srv/detail/agent_service__rosidl_typesupport_fastrtps_cpp.hpp\n'}
[14.835843] (booster_interface) StdoutLine: {'line': b'-- Symlinking: /workspace/project/.docker/ros2_install/booster_interface/include/booster_interface/booster_interface/srv/detail/rpc_service__rosidl_typesupport_fastrtps_cpp.hpp\n'}
[14.843350] (booster_interface) StdoutLine: {'line': b'-- Symlinking: /workspace/project/.docker/ros2_install/booster_interface/include/booster_interface/booster_interface/msg/detail/booster_api_req_msg__rosidl_typesupport_introspection_c.h\n'}
[14.848985] (booster_interface) StdoutLine: {'line': b'-- Symlinking: /workspace/project/.docker/ros2_install/booster_interface/include/booster_interface/booster_interface/msg/detail/booster_api_resp_msg__rosidl_typesupport_introspection_c.h\n'}
[14.854530] (booster_interface) StdoutLine: {'line': b'-- Symlinking: /workspace/project/.docker/ros2_install/booster_interface/include/booster_interface/booster_interface/msg/detail/button_event_msg__rosidl_typesupport_introspection_c.h\n'}
[14.859989] (booster_interface) StdoutLine: {'line': b'-- Symlinking: /workspace/project/.docker/ros2_install/booster_interface/include/booster_interface/booster_interface/msg/detail/fall_down_state__rosidl_typesupport_introspection_c.h\n'}
[14.865563] (booster_interface) StdoutLine: {'line': b'-- Symlinking: /workspace/project/.docker/ros2_install/booster_interface/include/booster_interface/booster_interface/msg/detail/hand_command__rosidl_typesupport_introspection_c.h\n'}
[14.870469] (booster_interface) StdoutLine: {'line': b'-- Symlinking: /workspace/project/.docker/ros2_install/booster_interface/include/booster_interface/booster_interface/msg/detail/hand_dds_msg__rosidl_typesupport_introspection_c.h\n'}
[14.876200] (booster_interface) StdoutLine: {'line': b'-- Symlinking: /workspace/project/.docker/ros2_install/booster_interface/include/booster_interface/booster_interface/msg/detail/hand_param__rosidl_typesupport_introspection_c.h\n'}
[14.881732] (booster_interface) StdoutLine: {'line': b'-- Symlinking: /workspace/project/.docker/ros2_install/booster_interface/include/booster_interface/booster_interface/msg/detail/imu_state__rosidl_typesupport_introspection_c.h\n'}
[14.887088] (booster_interface) StdoutLine: {'line': b'-- Symlinking: /workspace/project/.docker/ros2_install/booster_interface/include/booster_interface/booster_interface/msg/detail/low_cmd__rosidl_typesupport_introspection_c.h\n'}
[14.888991] (-) TimerEvent: {}
[14.892536] (booster_interface) StdoutLine: {'line': b'-- Symlinking: /workspace/project/.docker/ros2_install/booster_interface/include/booster_interface/booster_interface/msg/detail/low_state__rosidl_typesupport_introspection_c.h\n'}
[14.897537] (booster_interface) StdoutLine: {'line': b'-- Symlinking: /workspace/project/.docker/ros2_install/booster_interface/include/booster_interface/booster_interface/msg/detail/motor_cmd__rosidl_typesupport_introspection_c.h\n'}
[14.902825] (booster_interface) StdoutLine: {'line': b'-- Symlinking: /workspace/project/.docker/ros2_install/booster_interface/include/booster_interface/booster_interface/msg/detail/motor_state__rosidl_typesupport_introspection_c.h\n'}
[14.907781] (booster_interface) StdoutLine: {'line': b'-- Symlinking: /workspace/project/.docker/ros2_install/booster_interface/include/booster_interface/booster_interface/msg/detail/odometer__rosidl_typesupport_introspection_c.h\n'}
[14.913040] (booster_interface) StdoutLine: {'line': b'-- Symlinking: /workspace/project/.docker/ros2_install/booster_interface/include/booster_interface/booster_interface/msg/detail/prone_body_control_status__rosidl_typesupport_introspection_c.h\n'}
[14.917734] (booster_interface) StdoutLine: {'line': b'-- Symlinking: /workspace/project/.docker/ros2_install/booster_interface/include/booster_interface/booster_interface/msg/detail/raw_bytes_msg__rosidl_typesupport_introspection_c.h\n'}
[14.923837] (booster_interface) StdoutLine: {'line': b'-- Symlinking: /workspace/project/.docker/ros2_install/booster_interface/include/booster_interface/booster_interface/msg/detail/remote_controller_state__rosidl_typesupport_introspection_c.h\n'}
[14.929639] (booster_interface) StdoutLine: {'line': b'-- Symlinking: /workspace/project/.docker/ros2_install/booster_interface/include/booster_interface/booster_interface/msg/detail/robot_replay_traj_id__rosidl_typesupport_introspection_c.h\n'}
[14.935127] (booster_interface) StdoutLine: {'line': b'-- Symlinking: /workspace/project/.docker/ros2_install/booster_interface/include/booster_interface/booster_interface/msg/detail/robot_states_msg__rosidl_typesupport_introspection_c.h\n'}
[14.941798] (booster_interface) StdoutLine: {'line': b'-- Symlinking: /workspace/project/.docker/ros2_install/booster_interface/include/booster_interface/booster_interface/msg/detail/subtitle__rosidl_typesupport_introspection_c.h\n'}
[14.947558] (booster_interface) StdoutLine: {'line': b'-- Symlinking: /workspace/project/.docker/ros2_install/booster_interface/include/booster_interface/booster_interface/msg/rosidl_typesupport_introspection_c__visibility_control.h\n'}
[14.952941] (booster_interface) StdoutLine: {'line': b'-- Symlinking: /workspace/project/.docker/ros2_install/booster_interface/include/booster_interface/booster_interface/srv/detail/agent_service__rosidl_typesupport_introspection_c.h\n'}
[14.958400] (booster_interface) StdoutLine: {'line': b'-- Symlinking: /workspace/project/.docker/ros2_install/booster_interface/include/booster_interface/booster_interface/srv/detail/rpc_service__rosidl_typesupport_introspection_c.h\n'}
[14.966029] (booster_interface) StdoutLine: {'line': b'-- Symlinking: /workspace/project/.docker/ros2_install/booster_interface/include/booster_interface/booster_interface/msg/detail/booster_api_req_msg__rosidl_typesupport_introspection_cpp.hpp\n'}
[14.970784] (booster_interface) StdoutLine: {'line': b'-- Symlinking: /workspace/project/.docker/ros2_install/booster_interface/include/booster_interface/booster_interface/msg/detail/booster_api_resp_msg__rosidl_typesupport_introspection_cpp.hpp\n'}
[14.975963] (booster_interface) StdoutLine: {'line': b'-- Symlinking: /workspace/project/.docker/ros2_install/booster_interface/include/booster_interface/booster_interface/msg/detail/button_event_msg__rosidl_typesupport_introspection_cpp.hpp\n'}
[14.981680] (booster_interface) StdoutLine: {'line': b'-- Symlinking: /workspace/project/.docker/ros2_install/booster_interface/include/booster_interface/booster_interface/msg/detail/fall_down_state__rosidl_typesupport_introspection_cpp.hpp\n'}
[14.986956] (booster_interface) StdoutLine: {'line': b'-- Symlinking: /workspace/project/.docker/ros2_install/booster_interface/include/booster_interface/booster_interface/msg/detail/hand_command__rosidl_typesupport_introspection_cpp.hpp\n'}
[14.990005] (-) TimerEvent: {}
[14.992868] (booster_interface) StdoutLine: {'line': b'-- Symlinking: /workspace/project/.docker/ros2_install/booster_interface/include/booster_interface/booster_interface/msg/detail/hand_dds_msg__rosidl_typesupport_introspection_cpp.hpp\n'}
[14.998571] (booster_interface) StdoutLine: {'line': b'-- Symlinking: /workspace/project/.docker/ros2_install/booster_interface/include/booster_interface/booster_interface/msg/detail/hand_param__rosidl_typesupport_introspection_cpp.hpp\n'}
[15.003986] (booster_interface) StdoutLine: {'line': b'-- Symlinking: /workspace/project/.docker/ros2_install/booster_interface/include/booster_interface/booster_interface/msg/detail/imu_state__rosidl_typesupport_introspection_cpp.hpp\n'}
[15.010022] (booster_interface) StdoutLine: {'line': b'-- Symlinking: /workspace/project/.docker/ros2_install/booster_interface/include/booster_interface/booster_interface/msg/detail/low_cmd__rosidl_typesupport_introspection_cpp.hpp\n'}
[15.015305] (booster_interface) StdoutLine: {'line': b'-- Symlinking: /workspace/project/.docker/ros2_install/booster_interface/include/booster_interface/booster_interface/msg/detail/low_state__rosidl_typesupport_introspection_cpp.hpp\n'}
[15.019958] (booster_interface) StdoutLine: {'line': b'-- Symlinking: /workspace/project/.docker/ros2_install/booster_interface/include/booster_interface/booster_interface/msg/detail/motor_cmd__rosidl_typesupport_introspection_cpp.hpp\n'}
[15.025467] (booster_interface) StdoutLine: {'line': b'-- Symlinking: /workspace/project/.docker/ros2_install/booster_interface/include/booster_interface/booster_interface/msg/detail/motor_state__rosidl_typesupport_introspection_cpp.hpp\n'}
[15.031397] (booster_interface) StdoutLine: {'line': b'-- Symlinking: /workspace/project/.docker/ros2_install/booster_interface/include/booster_interface/booster_interface/msg/detail/odometer__rosidl_typesupport_introspection_cpp.hpp\n'}
[15.037348] (booster_interface) StdoutLine: {'line': b'-- Symlinking: /workspace/project/.docker/ros2_install/booster_interface/include/booster_interface/booster_interface/msg/detail/prone_body_control_status__rosidl_typesupport_introspection_cpp.hpp\n'}
[15.042578] (booster_interface) StdoutLine: {'line': b'-- Symlinking: /workspace/project/.docker/ros2_install/booster_interface/include/booster_interface/booster_interface/msg/detail/raw_bytes_msg__rosidl_typesupport_introspection_cpp.hpp\n'}
[15.048727] (booster_interface) StdoutLine: {'line': b'-- Symlinking: /workspace/project/.docker/ros2_install/booster_interface/include/booster_interface/booster_interface/msg/detail/remote_controller_state__rosidl_typesupport_introspection_cpp.hpp\n'}
[15.054194] (booster_interface) StdoutLine: {'line': b'-- Symlinking: /workspace/project/.docker/ros2_install/booster_interface/include/booster_interface/booster_interface/msg/detail/robot_replay_traj_id__rosidl_typesupport_introspection_cpp.hpp\n'}
[15.059457] (booster_interface) StdoutLine: {'line': b'-- Symlinking: /workspace/project/.docker/ros2_install/booster_interface/include/booster_interface/booster_interface/msg/detail/robot_states_msg__rosidl_typesupport_introspection_cpp.hpp\n'}
[15.065167] (booster_interface) StdoutLine: {'line': b'-- Symlinking: /workspace/project/.docker/ros2_install/booster_interface/include/booster_interface/booster_interface/msg/detail/subtitle__rosidl_typesupport_introspection_cpp.hpp\n'}
[15.070253] (booster_interface) StdoutLine: {'line': b'-- Symlinking: /workspace/project/.docker/ros2_install/booster_interface/include/booster_interface/booster_interface/srv/detail/agent_service__rosidl_typesupport_introspection_cpp.hpp\n'}
[15.076387] (booster_interface) StdoutLine: {'line': b'-- Symlinking: /workspace/project/.docker/ros2_install/booster_interface/include/booster_interface/booster_interface/srv/detail/rpc_service__rosidl_typesupport_introspection_cpp.hpp\n'}
[15.082383] (booster_interface) StdoutLine: {'line': b'-- Symlinking: /workspace/project/.docker/ros2_install/booster_interface/share/booster_interface/environment/pythonpath.sh\n'}
[15.087264] (booster_interface) StdoutLine: {'line': b'-- Symlinking: /workspace/project/.docker/ros2_install/booster_interface/share/booster_interface/environment/pythonpath.dsv\n'}
[15.090811] (-) TimerEvent: {}
[15.094310] (booster_interface) StdoutLine: {'line': b'-- Symlinking: /workspace/project/.docker/ros2_install/booster_interface/local/lib/python3.10/dist-packages/booster_interface-0.0.0-py3.10.egg-info/PKG-INFO\n'}
[15.099619] (booster_interface) StdoutLine: {'line': b'-- Symlinking: /workspace/project/.docker/ros2_install/booster_interface/local/lib/python3.10/dist-packages/booster_interface-0.0.0-py3.10.egg-info/SOURCES.txt\n'}
[15.104896] (booster_interface) StdoutLine: {'line': b'-- Symlinking: /workspace/project/.docker/ros2_install/booster_interface/local/lib/python3.10/dist-packages/booster_interface-0.0.0-py3.10.egg-info/dependency_links.txt\n'}
[15.110430] (booster_interface) StdoutLine: {'line': b'-- Symlinking: /workspace/project/.docker/ros2_install/booster_interface/local/lib/python3.10/dist-packages/booster_interface-0.0.0-py3.10.egg-info/top_level.txt\n'}
[15.120096] (booster_interface) StdoutLine: {'line': b'-- Symlinking: /workspace/project/.docker/ros2_install/booster_interface/local/lib/python3.10/dist-packages/booster_interface/__init__.py\n'}
[15.125495] (booster_interface) StdoutLine: {'line': b'-- Symlinking: /workspace/project/.docker/ros2_install/booster_interface/local/lib/python3.10/dist-packages/booster_interface/_booster_interface_s.ep.rosidl_typesupport_c.c\n'}
[15.130549] (booster_interface) StdoutLine: {'line': b'-- Symlinking: /workspace/project/.docker/ros2_install/booster_interface/local/lib/python3.10/dist-packages/booster_interface/_booster_interface_s.ep.rosidl_typesupport_fastrtps_c.c\n'}
[15.136004] (booster_interface) StdoutLine: {'line': b'-- Symlinking: /workspace/project/.docker/ros2_install/booster_interface/local/lib/python3.10/dist-packages/booster_interface/_booster_interface_s.ep.rosidl_typesupport_introspection_c.c\n'}
[15.141066] (booster_interface) StdoutLine: {'line': b'-- Symlinking: /workspace/project/.docker/ros2_install/booster_interface/local/lib/python3.10/dist-packages/booster_interface/booster_interface_s__rosidl_typesupport_c.cpython-310-aarch64-linux-gnu.so\n'}
[15.147184] (booster_interface) StdoutLine: {'line': b'-- Symlinking: /workspace/project/.docker/ros2_install/booster_interface/local/lib/python3.10/dist-packages/booster_interface/booster_interface_s__rosidl_typesupport_fastrtps_c.cpython-310-aarch64-linux-gnu.so\n'}
[15.152654] (booster_interface) StdoutLine: {'line': b'-- Symlinking: /workspace/project/.docker/ros2_install/booster_interface/local/lib/python3.10/dist-packages/booster_interface/booster_interface_s__rosidl_typesupport_introspection_c.cpython-310-aarch64-linux-gnu.so\n'}
[15.157876] (booster_interface) StdoutLine: {'line': b'-- Symlinking: /workspace/project/.docker/ros2_install/booster_interface/local/lib/python3.10/dist-packages/booster_interface/libbooster_interface__rosidl_generator_py.so\n'}
[15.164086] (booster_interface) StdoutLine: {'line': b'-- Symlinking: /workspace/project/.docker/ros2_install/booster_interface/local/lib/python3.10/dist-packages/booster_interface/msg/__init__.py\n'}
[15.169675] (booster_interface) StdoutLine: {'line': b'-- Symlinking: /workspace/project/.docker/ros2_install/booster_interface/local/lib/python3.10/dist-packages/booster_interface/msg/_booster_api_req_msg.py\n'}
[15.174962] (booster_interface) StdoutLine: {'line': b'-- Symlinking: /workspace/project/.docker/ros2_install/booster_interface/local/lib/python3.10/dist-packages/booster_interface/msg/_booster_api_req_msg_s.c\n'}
[15.180813] (booster_interface) StdoutLine: {'line': b'-- Symlinking: /workspace/project/.docker/ros2_install/booster_interface/local/lib/python3.10/dist-packages/booster_interface/msg/_booster_api_resp_msg.py\n'}
[15.185913] (booster_interface) StdoutLine: {'line': b'-- Symlinking: /workspace/project/.docker/ros2_install/booster_interface/local/lib/python3.10/dist-packages/booster_interface/msg/_booster_api_resp_msg_s.c\n'}
[15.190968] (booster_interface) StdoutLine: {'line': b'-- Symlinking: /workspace/project/.docker/ros2_install/booster_interface/local/lib/python3.10/dist-packages/booster_interface/msg/_button_event_msg.py\n'}
[15.191361] (-) TimerEvent: {}
[15.195826] (booster_interface) StdoutLine: {'line': b'-- Symlinking: /workspace/project/.docker/ros2_install/booster_interface/local/lib/python3.10/dist-packages/booster_interface/msg/_button_event_msg_s.c\n'}
[15.200508] (booster_interface) StdoutLine: {'line': b'-- Symlinking: /workspace/project/.docker/ros2_install/booster_interface/local/lib/python3.10/dist-packages/booster_interface/msg/_fall_down_state.py\n'}
[15.205982] (booster_interface) StdoutLine: {'line': b'-- Symlinking: /workspace/project/.docker/ros2_install/booster_interface/local/lib/python3.10/dist-packages/booster_interface/msg/_fall_down_state_s.c\n'}
[15.210762] (booster_interface) StdoutLine: {'line': b'-- Symlinking: /workspace/project/.docker/ros2_install/booster_interface/local/lib/python3.10/dist-packages/booster_interface/msg/_hand_command.py\n'}
[15.215518] (booster_interface) StdoutLine: {'line': b'-- Symlinking: /workspace/project/.docker/ros2_install/booster_interface/local/lib/python3.10/dist-packages/booster_interface/msg/_hand_command_s.c\n'}
[15.220940] (booster_interface) StdoutLine: {'line': b'-- Symlinking: /workspace/project/.docker/ros2_install/booster_interface/local/lib/python3.10/dist-packages/booster_interface/msg/_hand_dds_msg.py\n'}
[15.226510] (booster_interface) StdoutLine: {'line': b'-- Symlinking: /workspace/project/.docker/ros2_install/booster_interface/local/lib/python3.10/dist-packages/booster_interface/msg/_hand_dds_msg_s.c\n'}
[15.231793] (booster_interface) StdoutLine: {'line': b'-- Symlinking: /workspace/project/.docker/ros2_install/booster_interface/local/lib/python3.10/dist-packages/booster_interface/msg/_hand_param.py\n'}
[15.237303] (booster_interface) StdoutLine: {'line': b'-- Symlinking: /workspace/project/.docker/ros2_install/booster_interface/local/lib/python3.10/dist-packages/booster_interface/msg/_hand_param_s.c\n'}
[15.243576] (booster_interface) StdoutLine: {'line': b'-- Symlinking: /workspace/project/.docker/ros2_install/booster_interface/local/lib/python3.10/dist-packages/booster_interface/msg/_imu_state.py\n'}
[15.249176] (booster_interface) StdoutLine: {'line': b'-- Symlinking: /workspace/project/.docker/ros2_install/booster_interface/local/lib/python3.10/dist-packages/booster_interface/msg/_imu_state_s.c\n'}
[15.254368] (booster_interface) StdoutLine: {'line': b'-- Symlinking: /workspace/project/.docker/ros2_install/booster_interface/local/lib/python3.10/dist-packages/booster_interface/msg/_low_cmd.py\n'}
[15.259884] (booster_interface) StdoutLine: {'line': b'-- Symlinking: /workspace/project/.docker/ros2_install/booster_interface/local/lib/python3.10/dist-packages/booster_interface/msg/_low_cmd_s.c\n'}
[15.265217] (booster_interface) StdoutLine: {'line': b'-- Symlinking: /workspace/project/.docker/ros2_install/booster_interface/local/lib/python3.10/dist-packages/booster_interface/msg/_low_state.py\n'}
[15.270488] (booster_interface) StdoutLine: {'line': b'-- Symlinking: /workspace/project/.docker/ros2_install/booster_interface/local/lib/python3.10/dist-packages/booster_interface/msg/_low_state_s.c\n'}
[15.276168] (booster_interface) StdoutLine: {'line': b'-- Symlinking: /workspace/project/.docker/ros2_install/booster_interface/local/lib/python3.10/dist-packages/booster_interface/msg/_motor_cmd.py\n'}
[15.282718] (booster_interface) StdoutLine: {'line': b'-- Symlinking: /workspace/project/.docker/ros2_install/booster_interface/local/lib/python3.10/dist-packages/booster_interface/msg/_motor_cmd_s.c\n'}
[15.288501] (booster_interface) StdoutLine: {'line': b'-- Symlinking: /workspace/project/.docker/ros2_install/booster_interface/local/lib/python3.10/dist-packages/booster_interface/msg/_motor_state.py\n'}
[15.292304] (-) TimerEvent: {}
[15.294450] (booster_interface) StdoutLine: {'line': b'-- Symlinking: /workspace/project/.docker/ros2_install/booster_interface/local/lib/python3.10/dist-packages/booster_interface/msg/_motor_state_s.c\n'}
[15.299609] (booster_interface) StdoutLine: {'line': b'-- Symlinking: /workspace/project/.docker/ros2_install/booster_interface/local/lib/python3.10/dist-packages/booster_interface/msg/_odometer.py\n'}
[15.305350] (booster_interface) StdoutLine: {'line': b'-- Symlinking: /workspace/project/.docker/ros2_install/booster_interface/local/lib/python3.10/dist-packages/booster_interface/msg/_odometer_s.c\n'}
[15.310937] (booster_interface) StdoutLine: {'line': b'-- Symlinking: /workspace/project/.docker/ros2_install/booster_interface/local/lib/python3.10/dist-packages/booster_interface/msg/_prone_body_control_status.py\n'}
[15.316045] (booster_interface) StdoutLine: {'line': b'-- Symlinking: /workspace/project/.docker/ros2_install/booster_interface/local/lib/python3.10/dist-packages/booster_interface/msg/_prone_body_control_status_s.c\n'}
[15.321931] (booster_interface) StdoutLine: {'line': b'-- Symlinking: /workspace/project/.docker/ros2_install/booster_interface/local/lib/python3.10/dist-packages/booster_interface/msg/_raw_bytes_msg.py\n'}
[15.327743] (booster_interface) StdoutLine: {'line': b'-- Symlinking: /workspace/project/.docker/ros2_install/booster_interface/local/lib/python3.10/dist-packages/booster_interface/msg/_raw_bytes_msg_s.c\n'}
[15.333416] (booster_interface) StdoutLine: {'line': b'-- Symlinking: /workspace/project/.docker/ros2_install/booster_interface/local/lib/python3.10/dist-packages/booster_interface/msg/_remote_controller_state.py\n'}
[15.338646] (booster_interface) StdoutLine: {'line': b'-- Symlinking: /workspace/project/.docker/ros2_install/booster_interface/local/lib/python3.10/dist-packages/booster_interface/msg/_remote_controller_state_s.c\n'}
[15.344339] (booster_interface) StdoutLine: {'line': b'-- Symlinking: /workspace/project/.docker/ros2_install/booster_interface/local/lib/python3.10/dist-packages/booster_interface/msg/_robot_replay_traj_id.py\n'}
[15.350073] (booster_interface) StdoutLine: {'line': b'-- Symlinking: /workspace/project/.docker/ros2_install/booster_interface/local/lib/python3.10/dist-packages/booster_interface/msg/_robot_replay_traj_id_s.c\n'}
[15.355049] (booster_interface) StdoutLine: {'line': b'-- Symlinking: /workspace/project/.docker/ros2_install/booster_interface/local/lib/python3.10/dist-packages/booster_interface/msg/_robot_states_msg.py\n'}
[15.360958] (booster_interface) StdoutLine: {'line': b'-- Symlinking: /workspace/project/.docker/ros2_install/booster_interface/local/lib/python3.10/dist-packages/booster_interface/msg/_robot_states_msg_s.c\n'}
[15.366486] (booster_interface) StdoutLine: {'line': b'-- Symlinking: /workspace/project/.docker/ros2_install/booster_interface/local/lib/python3.10/dist-packages/booster_interface/msg/_subtitle.py\n'}
[15.372122] (booster_interface) StdoutLine: {'line': b'-- Symlinking: /workspace/project/.docker/ros2_install/booster_interface/local/lib/python3.10/dist-packages/booster_interface/msg/_subtitle_s.c\n'}
[15.378306] (booster_interface) StdoutLine: {'line': b'-- Symlinking: /workspace/project/.docker/ros2_install/booster_interface/local/lib/python3.10/dist-packages/booster_interface/srv/__init__.py\n'}
[15.383588] (booster_interface) StdoutLine: {'line': b'-- Symlinking: /workspace/project/.docker/ros2_install/booster_interface/local/lib/python3.10/dist-packages/booster_interface/srv/_agent_service.py\n'}
[15.389013] (booster_interface) StdoutLine: {'line': b'-- Symlinking: /workspace/project/.docker/ros2_install/booster_interface/local/lib/python3.10/dist-packages/booster_interface/srv/_agent_service_s.c\n'}
[15.392849] (-) TimerEvent: {}
[15.393928] (booster_interface) StdoutLine: {'line': b'-- Symlinking: /workspace/project/.docker/ros2_install/booster_interface/local/lib/python3.10/dist-packages/booster_interface/srv/_rpc_service.py\n'}
[15.399676] (booster_interface) StdoutLine: {'line': b'-- Symlinking: /workspace/project/.docker/ros2_install/booster_interface/local/lib/python3.10/dist-packages/booster_interface/srv/_rpc_service_s.c\n'}
[15.406384] (booster_interface) StdoutLine: {'line': b'-- Up-to-date symlink: /workspace/project/.docker/ros2_install/booster_interface/local/lib/python3.10/dist-packages/booster_interface/booster_interface_s__rosidl_typesupport_fastrtps_c.cpython-310-aarch64-linux-gnu.so\n'}
[15.407509] (booster_interface) StdoutLine: {'line': b'-- Up-to-date symlink: /workspace/project/.docker/ros2_install/booster_interface/local/lib/python3.10/dist-packages/booster_interface/booster_interface_s__rosidl_typesupport_introspection_c.cpython-310-aarch64-linux-gnu.so\n'}
[15.408308] (booster_interface) StdoutLine: {'line': b'-- Up-to-date symlink: /workspace/project/.docker/ros2_install/booster_interface/local/lib/python3.10/dist-packages/booster_interface/booster_interface_s__rosidl_typesupport_c.cpython-310-aarch64-linux-gnu.so\n'}
[15.409680] (booster_interface) StdoutLine: {'line': b'-- Symlinking: /workspace/project/.docker/ros2_install/booster_interface/share/ament_index/resource_index/rust_packages/booster_interface\n'}
[15.418441] (booster_interface) StdoutLine: {'line': b'-- Symlinking: /workspace/project/.docker/ros2_install/booster_interface/share/booster_interface/rust/Cargo.toml\n'}
[15.424153] (booster_interface) StdoutLine: {'line': b'-- Symlinking: /workspace/project/.docker/ros2_install/booster_interface/share/booster_interface/rust/build.rs\n'}
[15.430012] (booster_interface) StdoutLine: {'line': b'-- Symlinking: /workspace/project/.docker/ros2_install/booster_interface/share/booster_interface/rust/src/lib.rs\n'}
[15.435918] (booster_interface) StdoutLine: {'line': b'-- Symlinking: /workspace/project/.docker/ros2_install/booster_interface/share/booster_interface/rust/src/msg.rs\n'}
[15.442652] (booster_interface) StdoutLine: {'line': b'-- Symlinking: /workspace/project/.docker/ros2_install/booster_interface/share/booster_interface/rust/src/msg/rmw.rs\n'}
[15.450476] (booster_interface) StdoutLine: {'line': b'-- Symlinking: /workspace/project/.docker/ros2_install/booster_interface/share/booster_interface/rust/src/srv.rs\n'}
[15.457390] (booster_interface) StdoutLine: {'line': b'-- Symlinking: /workspace/project/.docker/ros2_install/booster_interface/share/booster_interface/rust/src/srv/rmw.rs\n'}
[15.463227] (booster_interface) StdoutLine: {'line': b'-- Symlinking: /workspace/project/.docker/ros2_install/booster_interface/share/booster_interface/msg/BoosterApiReqMsg.idl\n'}
[15.468733] (booster_interface) StdoutLine: {'line': b'-- Symlinking: /workspace/project/.docker/ros2_install/booster_interface/share/booster_interface/msg/BoosterApiRespMsg.idl\n'}
[15.474358] (booster_interface) StdoutLine: {'line': b'-- Symlinking: /workspace/project/.docker/ros2_install/booster_interface/share/booster_interface/msg/ButtonEventMsg.idl\n'}
[15.479511] (booster_interface) StdoutLine: {'line': b'-- Symlinking: /workspace/project/.docker/ros2_install/booster_interface/share/booster_interface/msg/MotorState.idl\n'}
[15.485297] (booster_interface) StdoutLine: {'line': b'-- Symlinking: /workspace/project/.docker/ros2_install/booster_interface/share/booster_interface/msg/MotorCmd.idl\n'}
[15.490854] (booster_interface) StdoutLine: {'line': b'-- Symlinking: /workspace/project/.docker/ros2_install/booster_interface/share/booster_interface/msg/LowCmd.idl\n'}
[15.493816] (-) TimerEvent: {}
[15.496396] (booster_interface) StdoutLine: {'line': b'-- Symlinking: /workspace/project/.docker/ros2_install/booster_interface/share/booster_interface/msg/ImuState.idl\n'}
[15.501986] (booster_interface) StdoutLine: {'line': b'-- Symlinking: /workspace/project/.docker/ros2_install/booster_interface/share/booster_interface/msg/LowState.idl\n'}
[15.507650] (booster_interface) StdoutLine: {'line': b'-- Symlinking: /workspace/project/.docker/ros2_install/booster_interface/share/booster_interface/msg/RawBytesMsg.idl\n'}
[15.512863] (booster_interface) StdoutLine: {'line': b'-- Symlinking: /workspace/project/.docker/ros2_install/booster_interface/share/booster_interface/msg/Odometer.idl\n'}
[15.518001] (booster_interface) StdoutLine: {'line': b'-- Symlinking: /workspace/project/.docker/ros2_install/booster_interface/share/booster_interface/msg/FallDownState.idl\n'}
[15.522981] (booster_interface) StdoutLine: {'line': b'-- Symlinking: /workspace/project/.docker/ros2_install/booster_interface/share/booster_interface/msg/RemoteControllerState.idl\n'}
[15.528128] (booster_interface) StdoutLine: {'line': b'-- Symlinking: /workspace/project/.docker/ros2_install/booster_interface/share/booster_interface/msg/HandCommand.idl\n'}
[15.533186] (booster_interface) StdoutLine: {'line': b'-- Symlinking: /workspace/project/.docker/ros2_install/booster_interface/share/booster_interface/msg/HandDdsMsg.idl\n'}
[15.538336] (booster_interface) StdoutLine: {'line': b'-- Symlinking: /workspace/project/.docker/ros2_install/booster_interface/share/booster_interface/msg/HandParam.idl\n'}
[15.543759] (booster_interface) StdoutLine: {'line': b'-- Symlinking: /workspace/project/.docker/ros2_install/booster_interface/share/booster_interface/msg/ProneBodyControlStatus.idl\n'}
[15.550125] (booster_interface) StdoutLine: {'line': b'-- Symlinking: /workspace/project/.docker/ros2_install/booster_interface/share/booster_interface/msg/RobotStatesMsg.idl\n'}
[15.555787] (booster_interface) StdoutLine: {'line': b'-- Symlinking: /workspace/project/.docker/ros2_install/booster_interface/share/booster_interface/msg/RobotReplayTrajID.idl\n'}
[15.561490] (booster_interface) StdoutLine: {'line': b'-- Symlinking: /workspace/project/.docker/ros2_install/booster_interface/share/booster_interface/msg/Subtitle.idl\n'}
[15.567500] (booster_interface) StdoutLine: {'line': b'-- Symlinking: /workspace/project/.docker/ros2_install/booster_interface/share/booster_interface/srv/RpcService.idl\n'}
[15.572822] (booster_interface) StdoutLine: {'line': b'-- Symlinking: /workspace/project/.docker/ros2_install/booster_interface/share/booster_interface/srv/AgentService.idl\n'}
[15.578070] (booster_interface) StdoutLine: {'line': b'-- Symlinking: /workspace/project/.docker/ros2_install/booster_interface/share/booster_interface/msg/BoosterApiReqMsg.msg\n'}
[15.583364] (booster_interface) StdoutLine: {'line': b'-- Symlinking: /workspace/project/.docker/ros2_install/booster_interface/share/booster_interface/msg/BoosterApiRespMsg.msg\n'}
[15.589149] (booster_interface) StdoutLine: {'line': b'-- Symlinking: /workspace/project/.docker/ros2_install/booster_interface/share/booster_interface/msg/ButtonEventMsg.msg\n'}
[15.594832] (-) TimerEvent: {}
[15.595138] (booster_interface) StdoutLine: {'line': b'-- Symlinking: /workspace/project/.docker/ros2_install/booster_interface/share/booster_interface/msg/MotorState.msg\n'}
[15.600194] (booster_interface) StdoutLine: {'line': b'-- Symlinking: /workspace/project/.docker/ros2_install/booster_interface/share/booster_interface/msg/MotorCmd.msg\n'}
[15.605374] (booster_interface) StdoutLine: {'line': b'-- Symlinking: /workspace/project/.docker/ros2_install/booster_interface/share/booster_interface/msg/LowCmd.msg\n'}
[15.611065] (booster_interface) StdoutLine: {'line': b'-- Symlinking: /workspace/project/.docker/ros2_install/booster_interface/share/booster_interface/msg/ImuState.msg\n'}
[15.616825] (booster_interface) StdoutLine: {'line': b'-- Symlinking: /workspace/project/.docker/ros2_install/booster_interface/share/booster_interface/msg/LowState.msg\n'}
[15.622112] (booster_interface) StdoutLine: {'line': b'-- Symlinking: /workspace/project/.docker/ros2_install/booster_interface/share/booster_interface/msg/RawBytesMsg.msg\n'}
[15.627135] (booster_interface) StdoutLine: {'line': b'-- Symlinking: /workspace/project/.docker/ros2_install/booster_interface/share/booster_interface/msg/Odometer.msg\n'}
[15.632666] (booster_interface) StdoutLine: {'line': b'-- Symlinking: /workspace/project/.docker/ros2_install/booster_interface/share/booster_interface/msg/FallDownState.msg\n'}
[15.638396] (booster_interface) StdoutLine: {'line': b'-- Symlinking: /workspace/project/.docker/ros2_install/booster_interface/share/booster_interface/msg/RemoteControllerState.msg\n'}
[15.643891] (booster_interface) StdoutLine: {'line': b'-- Symlinking: /workspace/project/.docker/ros2_install/booster_interface/share/booster_interface/msg/HandCommand.msg\n'}
[15.649341] (booster_interface) StdoutLine: {'line': b'-- Symlinking: /workspace/project/.docker/ros2_install/booster_interface/share/booster_interface/msg/HandDdsMsg.msg\n'}
[15.656697] (booster_interface) StdoutLine: {'line': b'-- Symlinking: /workspace/project/.docker/ros2_install/booster_interface/share/booster_interface/msg/HandParam.msg\n'}
[15.662616] (booster_interface) StdoutLine: {'line': b'-- Symlinking: /workspace/project/.docker/ros2_install/booster_interface/share/booster_interface/msg/ProneBodyControlStatus.msg\n'}
[15.669219] (booster_interface) StdoutLine: {'line': b'-- Symlinking: /workspace/project/.docker/ros2_install/booster_interface/share/booster_interface/msg/RobotStatesMsg.msg\n'}
[15.679683] (booster_interface) StdoutLine: {'line': b'-- Symlinking: /workspace/project/.docker/ros2_install/booster_interface/share/booster_interface/msg/RobotReplayTrajID.msg\n'}
[15.686702] (booster_interface) StdoutLine: {'line': b'-- Symlinking: /workspace/project/.docker/ros2_install/booster_interface/share/booster_interface/msg/Subtitle.msg\n'}
[15.692991] (booster_interface) StdoutLine: {'line': b'-- Symlinking: /workspace/project/.docker/ros2_install/booster_interface/share/booster_interface/srv/RpcService.srv\n'}
[15.695983] (-) TimerEvent: {}
[15.698188] (booster_interface) StdoutLine: {'line': b'-- Symlinking: /workspace/project/.docker/ros2_install/booster_interface/share/booster_interface/srv/RpcService_Request.msg\n'}
[15.703445] (booster_interface) StdoutLine: {'line': b'-- Symlinking: /workspace/project/.docker/ros2_install/booster_interface/share/booster_interface/srv/RpcService_Response.msg\n'}
[15.708620] (booster_interface) StdoutLine: {'line': b'-- Symlinking: /workspace/project/.docker/ros2_install/booster_interface/share/booster_interface/srv/AgentService.srv\n'}
[15.713598] (booster_interface) StdoutLine: {'line': b'-- Symlinking: /workspace/project/.docker/ros2_install/booster_interface/share/booster_interface/srv/AgentService_Request.msg\n'}
[15.719413] (booster_interface) StdoutLine: {'line': b'-- Symlinking: /workspace/project/.docker/ros2_install/booster_interface/share/booster_interface/srv/AgentService_Response.msg\n'}
[15.726420] (booster_interface) StdoutLine: {'line': b'-- Symlinking: /workspace/project/.docker/ros2_install/booster_interface/include//booster_interface/booster_interface/message_utils.hpp\n'}
[15.733017] (booster_interface) StdoutLine: {'line': b'-- Symlinking: /workspace/project/.docker/ros2_install/booster_interface/include//booster_interface/booster_interface/third_party/nlohmann_json/json.hpp\n'}
[15.739207] (booster_interface) StdoutLine: {'line': b'-- Symlinking: /workspace/project/.docker/ros2_install/booster_interface/share/ament_index/resource_index/package_run_dependencies/booster_interface\n'}
[15.745442] (booster_interface) StdoutLine: {'line': b'-- Symlinking: /workspace/project/.docker/ros2_install/booster_interface/share/ament_index/resource_index/parent_prefix_path/booster_interface\n'}
[15.750990] (booster_interface) StdoutLine: {'line': b'-- Symlinking: /workspace/project/.docker/ros2_install/booster_interface/share/booster_interface/environment/ament_prefix_path.sh\n'}
[15.756252] (booster_interface) StdoutLine: {'line': b'-- Symlinking: /workspace/project/.docker/ros2_install/booster_interface/share/booster_interface/environment/ament_prefix_path.dsv\n'}
[15.761808] (booster_interface) StdoutLine: {'line': b'-- Symlinking: /workspace/project/.docker/ros2_install/booster_interface/share/booster_interface/environment/path.sh\n'}
[15.767896] (booster_interface) StdoutLine: {'line': b'-- Symlinking: /workspace/project/.docker/ros2_install/booster_interface/share/booster_interface/environment/path.dsv\n'}
[15.773809] (booster_interface) StdoutLine: {'line': b'-- Symlinking: /workspace/project/.docker/ros2_install/booster_interface/share/booster_interface/local_setup.bash\n'}
[15.779837] (booster_interface) StdoutLine: {'line': b'-- Symlinking: /workspace/project/.docker/ros2_install/booster_interface/share/booster_interface/local_setup.sh\n'}
[15.785587] (booster_interface) StdoutLine: {'line': b'-- Symlinking: /workspace/project/.docker/ros2_install/booster_interface/share/booster_interface/local_setup.zsh\n'}
[15.791415] (booster_interface) StdoutLine: {'line': b'-- Symlinking: /workspace/project/.docker/ros2_install/booster_interface/share/booster_interface/local_setup.dsv\n'}
[15.796828] (-) TimerEvent: {}
[15.797579] (booster_interface) StdoutLine: {'line': b'-- Symlinking: /workspace/project/.docker/ros2_install/booster_interface/share/booster_interface/package.dsv\n'}
[15.803956] (booster_interface) StdoutLine: {'line': b'-- Symlinking: /workspace/project/.docker/ros2_install/booster_interface/share/ament_index/resource_index/packages/booster_interface\n'}
[15.809587] (booster_interface) StdoutLine: {'line': b'-- Symlinking: /workspace/project/.docker/ros2_install/booster_interface/share/booster_interface/cmake/rosidl_cmake-extras.cmake\n'}
[15.815002] (booster_interface) StdoutLine: {'line': b'-- Symlinking: /workspace/project/.docker/ros2_install/booster_interface/share/booster_interface/cmake/ament_cmake_export_include_directories-extras.cmake\n'}
[15.820826] (booster_interface) StdoutLine: {'line': b'-- Symlinking: /workspace/project/.docker/ros2_install/booster_interface/share/booster_interface/cmake/ament_cmake_export_libraries-extras.cmake\n'}
[15.826129] (booster_interface) StdoutLine: {'line': b'-- Symlinking: /workspace/project/.docker/ros2_install/booster_interface/share/booster_interface/cmake/ament_cmake_export_targets-extras.cmake\n'}
[15.831400] (booster_interface) StdoutLine: {'line': b'-- Symlinking: /workspace/project/.docker/ros2_install/booster_interface/share/booster_interface/cmake/rosidl_cmake_export_typesupport_targets-extras.cmake\n'}
[15.837148] (booster_interface) StdoutLine: {'line': b'-- Symlinking: /workspace/project/.docker/ros2_install/booster_interface/share/booster_interface/cmake/ament_cmake_export_dependencies-extras.cmake\n'}
[15.842778] (booster_interface) StdoutLine: {'line': b'-- Symlinking: /workspace/project/.docker/ros2_install/booster_interface/share/booster_interface/cmake/rosidl_cmake_export_typesupport_libraries-extras.cmake\n'}
[15.848734] (booster_interface) StdoutLine: {'line': b'-- Symlinking: /workspace/project/.docker/ros2_install/booster_interface/share/booster_interface/cmake/booster_interfaceConfig.cmake\n'}
[15.854038] (booster_interface) StdoutLine: {'line': b'-- Symlinking: /workspace/project/.docker/ros2_install/booster_interface/share/booster_interface/cmake/booster_interfaceConfig-version.cmake\n'}
[15.859633] (booster_interface) StdoutLine: {'line': b'-- Symlinking: /workspace/project/.docker/ros2_install/booster_interface/share/booster_interface/package.xml\n'}
[15.865487] (booster_interface) StdoutLine: {'line': b'-- Installing: /workspace/project/.docker/ros2_install/booster_interface/lib/libbooster_interface__rosidl_generator_c.so\n'}
[15.869848] (booster_interface) StdoutLine: {'line': b'-- Set runtime path of "/workspace/project/.docker/ros2_install/booster_interface/lib/libbooster_interface__rosidl_generator_c.so" to ""\n'}
[15.870170] (booster_interface) StdoutLine: {'line': b'-- Installing: /workspace/project/.docker/ros2_install/booster_interface/lib/libbooster_interface__rosidl_typesupport_fastrtps_c.so\n'}
[15.874373] (booster_interface) StdoutLine: {'line': b'-- Set runtime path of "/workspace/project/.docker/ros2_install/booster_interface/lib/libbooster_interface__rosidl_typesupport_fastrtps_c.so" to ""\n'}
[15.874795] (booster_interface) StdoutLine: {'line': b'-- Installing: /workspace/project/.docker/ros2_install/booster_interface/lib/libbooster_interface__rosidl_typesupport_fastrtps_cpp.so\n'}
[15.880938] (booster_interface) StdoutLine: {'line': b'-- Set runtime path of "/workspace/project/.docker/ros2_install/booster_interface/lib/libbooster_interface__rosidl_typesupport_fastrtps_cpp.so" to ""\n'}
[15.881348] (booster_interface) StdoutLine: {'line': b'-- Installing: /workspace/project/.docker/ros2_install/booster_interface/lib/libbooster_interface__rosidl_typesupport_introspection_c.so\n'}
[15.904817] (-) TimerEvent: {}
[15.914829] (booster_interface) StdoutLine: {'line': b'-- Set runtime path of "/workspace/project/.docker/ros2_install/booster_interface/lib/libbooster_interface__rosidl_typesupport_introspection_c.so" to ""\n'}
[15.915315] (booster_interface) StdoutLine: {'line': b'-- Installing: /workspace/project/.docker/ros2_install/booster_interface/lib/libbooster_interface__rosidl_typesupport_c.so\n'}
[15.919460] (booster_interface) StdoutLine: {'line': b'-- Set runtime path of "/workspace/project/.docker/ros2_install/booster_interface/lib/libbooster_interface__rosidl_typesupport_c.so" to ""\n'}
[15.919998] (booster_interface) StdoutLine: {'line': b'-- Installing: /workspace/project/.docker/ros2_install/booster_interface/lib/libbooster_interface__rosidl_typesupport_introspection_cpp.so\n'}
[15.929335] (booster_interface) StdoutLine: {'line': b'-- Set runtime path of "/workspace/project/.docker/ros2_install/booster_interface/lib/libbooster_interface__rosidl_typesupport_introspection_cpp.so" to ""\n'}
[15.929783] (booster_interface) StdoutLine: {'line': b'-- Installing: /workspace/project/.docker/ros2_install/booster_interface/lib/libbooster_interface__rosidl_typesupport_cpp.so\n'}
[15.934109] (booster_interface) StdoutLine: {'line': b'-- Set runtime path of "/workspace/project/.docker/ros2_install/booster_interface/lib/libbooster_interface__rosidl_typesupport_cpp.so" to ""\n'}
[16.004933] (-) TimerEvent: {}
[16.025427] (booster_interface) StdoutLine: {'line': b"Listing '/workspace/project/.docker/ros2_install/booster_interface/local/lib/python3.10/dist-packages/booster_interface'...\n"}
[16.025725] (booster_interface) StdoutLine: {'line': b"Compiling '/workspace/project/.docker/ros2_install/booster_interface/local/lib/python3.10/dist-packages/booster_interface/__init__.py'...\n"}
[16.025869] (booster_interface) StdoutLine: {'line': b"Listing '/workspace/project/.docker/ros2_install/booster_interface/local/lib/python3.10/dist-packages/booster_interface/msg'...\n"}
[16.025978] (booster_interface) StdoutLine: {'line': b"Compiling '/workspace/project/.docker/ros2_install/booster_interface/local/lib/python3.10/dist-packages/booster_interface/msg/__init__.py'...\n"}
[16.026131] (booster_interface) StdoutLine: {'line': b"Compiling '/workspace/project/.docker/ros2_install/booster_interface/local/lib/python3.10/dist-packages/booster_interface/msg/_booster_api_req_msg.py'...\n"}
[16.026245] (booster_interface) StdoutLine: {'line': b"Compiling '/workspace/project/.docker/ros2_install/booster_interface/local/lib/python3.10/dist-packages/booster_interface/msg/_booster_api_resp_msg.py'...\n"}
[16.026375] (booster_interface) StdoutLine: {'line': b"Compiling '/workspace/project/.docker/ros2_install/booster_interface/local/lib/python3.10/dist-packages/booster_interface/msg/_button_event_msg.py'...\n"}
[16.026524] (booster_interface) StdoutLine: {'line': b"Compiling '/workspace/project/.docker/ros2_install/booster_interface/local/lib/python3.10/dist-packages/booster_interface/msg/_fall_down_state.py'...\n"}
[16.027106] (booster_interface) StdoutLine: {'line': b"Compiling '/workspace/project/.docker/ros2_install/booster_interface/local/lib/python3.10/dist-packages/booster_interface/msg/_hand_command.py'...\n"}
[16.027317] (booster_interface) StdoutLine: {'line': b"Compiling '/workspace/project/.docker/ros2_install/booster_interface/local/lib/python3.10/dist-packages/booster_interface/msg/_hand_dds_msg.py'...\n"}
[16.027611] (booster_interface) StdoutLine: {'line': b"Compiling '/workspace/project/.docker/ros2_install/booster_interface/local/lib/python3.10/dist-packages/booster_interface/msg/_hand_param.py'...\n"}
[16.027734] (booster_interface) StdoutLine: {'line': b"Compiling '/workspace/project/.docker/ros2_install/booster_interface/local/lib/python3.10/dist-packages/booster_interface/msg/_imu_state.py'...\n"}
[16.027999] (booster_interface) StdoutLine: {'line': b"Compiling '/workspace/project/.docker/ros2_install/booster_interface/local/lib/python3.10/dist-packages/booster_interface/msg/_low_cmd.py'...\n"}
[16.028377] (booster_interface) StdoutLine: {'line': b"Compiling '/workspace/project/.docker/ros2_install/booster_interface/local/lib/python3.10/dist-packages/booster_interface/msg/_low_state.py'...\n"}
[16.028769] (booster_interface) StdoutLine: {'line': b"Compiling '/workspace/project/.docker/ros2_install/booster_interface/local/lib/python3.10/dist-packages/booster_interface/msg/_motor_cmd.py'...\n"}
[16.029336] (booster_interface) StdoutLine: {'line': b"Compiling '/workspace/project/.docker/ros2_install/booster_interface/local/lib/python3.10/dist-packages/booster_interface/msg/_motor_state.py'...\n"}
[16.029568] (booster_interface) StdoutLine: {'line': b"Compiling '/workspace/project/.docker/ros2_install/booster_interface/local/lib/python3.10/dist-packages/booster_interface/msg/_odometer.py'...\n"}
[16.029904] (booster_interface) StdoutLine: {'line': b"Compiling '/workspace/project/.docker/ros2_install/booster_interface/local/lib/python3.10/dist-packages/booster_interface/msg/_prone_body_control_status.py'...\n"}
[16.030149] (booster_interface) StdoutLine: {'line': b"Compiling '/workspace/project/.docker/ros2_install/booster_interface/local/lib/python3.10/dist-packages/booster_interface/msg/_raw_bytes_msg.py'...\n"}
[16.030438] (booster_interface) StdoutLine: {'line': b"Compiling '/workspace/project/.docker/ros2_install/booster_interface/local/lib/python3.10/dist-packages/booster_interface/msg/_remote_controller_state.py'...\n"}
[16.030616] (booster_interface) StdoutLine: {'line': b"Compiling '/workspace/project/.docker/ros2_install/booster_interface/local/lib/python3.10/dist-packages/booster_interface/msg/_robot_replay_traj_id.py'...\n"}
[16.030832] (booster_interface) StdoutLine: {'line': b"Compiling '/workspace/project/.docker/ros2_install/booster_interface/local/lib/python3.10/dist-packages/booster_interface/msg/_robot_states_msg.py'...\n"}
[16.031027] (booster_interface) StdoutLine: {'line': b"Compiling '/workspace/project/.docker/ros2_install/booster_interface/local/lib/python3.10/dist-packages/booster_interface/msg/_subtitle.py'...\n"}
[16.031214] (booster_interface) StdoutLine: {'line': b"Listing '/workspace/project/.docker/ros2_install/booster_interface/local/lib/python3.10/dist-packages/booster_interface/srv'...\n"}
[16.031424] (booster_interface) StdoutLine: {'line': b"Compiling '/workspace/project/.docker/ros2_install/booster_interface/local/lib/python3.10/dist-packages/booster_interface/srv/__init__.py'...\n"}
[16.031737] (booster_interface) StdoutLine: {'line': b"Compiling '/workspace/project/.docker/ros2_install/booster_interface/local/lib/python3.10/dist-packages/booster_interface/srv/_agent_service.py'...\n"}
[16.031996] (booster_interface) StdoutLine: {'line': b"Compiling '/workspace/project/.docker/ros2_install/booster_interface/local/lib/python3.10/dist-packages/booster_interface/srv/_rpc_service.py'...\n"}
[16.032176] (booster_interface) StdoutLine: {'line': b'-- Installing: /workspace/project/.docker/ros2_install/booster_interface/lib/libbooster_interface__rosidl_generator_py.so\n'}
[16.033274] (booster_interface) StdoutLine: {'line': b'-- Set runtime path of "/workspace/project/.docker/ros2_install/booster_interface/lib/libbooster_interface__rosidl_generator_py.so" to ""\n'}
[16.033908] (booster_interface) StdoutLine: {'line': b'-- Installing: /workspace/project/.docker/ros2_install/booster_interface/share/booster_interface/cmake/export_booster_interface__rosidl_generator_cExport.cmake\n'}
[16.036157] (booster_interface) StdoutLine: {'line': b'-- Installing: /workspace/project/.docker/ros2_install/booster_interface/share/booster_interface/cmake/export_booster_interface__rosidl_generator_cExport-noconfig.cmake\n'}
[16.038831] (booster_interface) StdoutLine: {'line': b'-- Installing: /workspace/project/.docker/ros2_install/booster_interface/share/booster_interface/cmake/export_booster_interface__rosidl_typesupport_fastrtps_cExport.cmake\n'}
[16.046413] (booster_interface) StdoutLine: {'line': b'-- Installing: /workspace/project/.docker/ros2_install/booster_interface/share/booster_interface/cmake/export_booster_interface__rosidl_typesupport_fastrtps_cExport-noconfig.cmake\n'}
[16.070429] (booster_interface) StdoutLine: {'line': b'-- Installing: /workspace/project/.docker/ros2_install/booster_interface/share/booster_interface/cmake/export_booster_interface__rosidl_generator_cppExport.cmake\n'}
[16.080420] (booster_interface) StdoutLine: {'line': b'-- Installing: /workspace/project/.docker/ros2_install/booster_interface/share/booster_interface/cmake/export_booster_interface__rosidl_typesupport_fastrtps_cppExport.cmake\n'}
[16.083262] (booster_interface) StdoutLine: {'line': b'-- Installing: /workspace/project/.docker/ros2_install/booster_interface/share/booster_interface/cmake/export_booster_interface__rosidl_typesupport_fastrtps_cppExport-noconfig.cmake\n'}
[16.085150] (booster_interface) StdoutLine: {'line': b'-- Installing: /workspace/project/.docker/ros2_install/booster_interface/share/booster_interface/cmake/booster_interface__rosidl_typesupport_introspection_cExport.cmake\n'}
[16.087619] (booster_interface) StdoutLine: {'line': b'-- Installing: /workspace/project/.docker/ros2_install/booster_interface/share/booster_interface/cmake/booster_interface__rosidl_typesupport_introspection_cExport-noconfig.cmake\n'}
[16.090226] (booster_interface) StdoutLine: {'line': b'-- Installing: /workspace/project/.docker/ros2_install/booster_interface/share/booster_interface/cmake/booster_interface__rosidl_typesupport_cExport.cmake\n'}
[16.093420] (booster_interface) StdoutLine: {'line': b'-- Installing: /workspace/project/.docker/ros2_install/booster_interface/share/booster_interface/cmake/booster_interface__rosidl_typesupport_cExport-noconfig.cmake\n'}
[16.095725] (booster_interface) StdoutLine: {'line': b'-- Installing: /workspace/project/.docker/ros2_install/booster_interface/share/booster_interface/cmake/booster_interface__rosidl_typesupport_introspection_cppExport.cmake\n'}
[16.098351] (booster_interface) StdoutLine: {'line': b'-- Installing: /workspace/project/.docker/ros2_install/booster_interface/share/booster_interface/cmake/booster_interface__rosidl_typesupport_introspection_cppExport-noconfig.cmake\n'}
[16.100379] (booster_interface) StdoutLine: {'line': b'-- Installing: /workspace/project/.docker/ros2_install/booster_interface/share/booster_interface/cmake/booster_interface__rosidl_typesupport_cppExport.cmake\n'}
[16.103332] (booster_interface) StdoutLine: {'line': b'-- Installing: /workspace/project/.docker/ros2_install/booster_interface/share/booster_interface/cmake/booster_interface__rosidl_typesupport_cppExport-noconfig.cmake\n'}
[16.105824] (-) TimerEvent: {}
[16.106213] (booster_interface) StdoutLine: {'line': b'-- Installing: /workspace/project/.docker/ros2_install/booster_interface/share/booster_interface/cmake/export_booster_interface__rosidl_generator_pyExport.cmake\n'}
[16.108662] (booster_interface) StdoutLine: {'line': b'-- Installing: /workspace/project/.docker/ros2_install/booster_interface/share/booster_interface/cmake/export_booster_interface__rosidl_generator_pyExport-noconfig.cmake\n'}
[16.113408] (booster_interface) CommandEnded: {'returncode': 0}
[16.191021] (booster_interface) JobEnded: {'identifier': 'booster_interface', 'rc': 0}
[16.193388] (booster_t1_webots_test) JobStarted: {'identifier': 'booster_t1_webots_test'}
[16.206911] (-) TimerEvent: {}
[16.307944] (-) TimerEvent: {}
[16.411835] (-) TimerEvent: {}
[16.514502] (-) TimerEvent: {}
[16.617815] (-) TimerEvent: {}
[16.655379] (booster_t1_webots_test) Command: {'cmd': ['/usr/bin/python3', '-W', 'ignore:setup.py install is deprecated', '-W', 'ignore:easy_install command is deprecated', 'setup.py', 'develop', '--editable', '--build-directory', '/workspace/project/.docker/ros2_build/booster_t1_webots_test/build', '--no-deps', 'symlink_data'], 'cwd': '/workspace/project/.docker/ros2_build/booster_t1_webots_test', 'env': {'USER': 'booster', 'HOSTNAME': '7786582c22bd', 'SHLVL': '0', 'LD_LIBRARY_PATH': '/workspace/project/.docker/ros2_install/booster_interface/lib:/opt/ros/humble/opt/rviz_ogre_vendor/lib:/opt/ros/humble/lib/aarch64-linux-gnu:/opt/ros/humble/lib', 'HOME': '/workspace/project/.docker/home', 'OLDPWD': '/workspace/project/ros2_ws', 'ROS_PYTHON_VERSION': '3', 'MAKEFLAGS': '-j8', 'ROS_DISTRO': 'humble', '_': '/usr/bin/colcon', 'ROS_VERSION': '2', 'WEBOTS_PORT': '1234', 'ROBOT_NAME': 'T1_release', 'ROS_LOCALHOST_ONLY': '0', 'PATH': '/opt/ros/humble/bin:/usr/local/sbin:/usr/local/bin:/usr/sbin:/usr/bin:/sbin:/bin', 'DISPLAY': '', 'LANG': 'C.UTF-8', 'WEBOTS_HOST_IP': 'host.docker.internal', 'AMENT_PREFIX_PATH': '/workspace/project/.docker/ros2_install/booster_interface:/opt/ros/humble', 'DEBIAN_FRONTEND': 'noninteractive', 'PWD': '/workspace/project/.docker/ros2_build/booster_t1_webots_test', 'LC_ALL': 'C.UTF-8', 'PYTHONPATH': '/workspace/project/.docker/ros2_build/booster_t1_webots_test/prefix_override:/usr/lib/python3/dist-packages/colcon_core/task/python/colcon_distutils_commands:/workspace/project/.docker/ros2_install/booster_t1_webots_test/lib/python3.10/site-packages:/workspace/project/.docker/ros2_install/booster_interface/local/lib/python3.10/dist-packages:/opt/ros/humble/lib/python3.10/site-packages:/opt/ros/humble/local/lib/python3.10/dist-packages', 'COLCON': '1', 'CMAKE_PREFIX_PATH': '/workspace/project/.docker/ros2_install/booster_interface'}, 'shell': False}
[16.719012] (-) TimerEvent: {}
[16.790783] (booster_t1_webots_test) StdoutLine: {'line': b'running develop\n'}
[16.819888] (-) TimerEvent: {}
[16.845987] (booster_t1_webots_test) StdoutLine: {'line': b'running egg_info\n'}
[16.846460] (booster_t1_webots_test) StdoutLine: {'line': b'creating booster_t1_webots_test.egg-info\n'}
[16.846840] (booster_t1_webots_test) StdoutLine: {'line': b'writing booster_t1_webots_test.egg-info/PKG-INFO\n'}
[16.847954] (booster_t1_webots_test) StdoutLine: {'line': b'writing dependency_links to booster_t1_webots_test.egg-info/dependency_links.txt\n'}
[16.848744] (booster_t1_webots_test) StdoutLine: {'line': b'writing entry points to booster_t1_webots_test.egg-info/entry_points.txt\n'}
[16.849449] (booster_t1_webots_test) StdoutLine: {'line': b'writing requirements to booster_t1_webots_test.egg-info/requires.txt\n'}
[16.850036] (booster_t1_webots_test) StdoutLine: {'line': b'writing top-level names to booster_t1_webots_test.egg-info/top_level.txt\n'}
[16.850686] (booster_t1_webots_test) StdoutLine: {'line': b"writing manifest file 'booster_t1_webots_test.egg-info/SOURCES.txt'\n"}
[16.855203] (booster_t1_webots_test) StdoutLine: {'line': b"reading manifest file 'booster_t1_webots_test.egg-info/SOURCES.txt'\n"}
[16.857861] (booster_t1_webots_test) StdoutLine: {'line': b"writing manifest file 'booster_t1_webots_test.egg-info/SOURCES.txt'\n"}
[16.860033] (booster_t1_webots_test) StdoutLine: {'line': b'running build_ext\n'}
[16.860716] (booster_t1_webots_test) StdoutLine: {'line': b'Creating /workspace/project/.docker/ros2_install/booster_t1_webots_test/lib/python3.10/site-packages/booster-t1-webots-test.egg-link (link to .)\n'}
[16.862719] (booster_t1_webots_test) StdoutLine: {'line': b'Installing imu_listener script to /workspace/project/.docker/ros2_install/booster_t1_webots_test/lib/booster_t1_webots_test\n'}
[16.863694] (booster_t1_webots_test) StdoutLine: {'line': b'Installing joint_state_listener script to /workspace/project/.docker/ros2_install/booster_t1_webots_test/lib/booster_t1_webots_test\n'}
[16.864574] (booster_t1_webots_test) StdoutLine: {'line': b'Installing low_state_listener script to /workspace/project/.docker/ros2_install/booster_t1_webots_test/lib/booster_t1_webots_test\n'}
[16.865275] (booster_t1_webots_test) StdoutLine: {'line': b'Installing rpc_movement_client script to /workspace/project/.docker/ros2_install/booster_t1_webots_test/lib/booster_t1_webots_test\n'}
[16.865932] (booster_t1_webots_test) StdoutLine: {'line': b'Installing simple_command_publisher script to /workspace/project/.docker/ros2_install/booster_t1_webots_test/lib/booster_t1_webots_test\n'}
[16.867282] (booster_t1_webots_test) StdoutLine: {'line': b'Installing topic_listener script to /workspace/project/.docker/ros2_install/booster_t1_webots_test/lib/booster_t1_webots_test\n'}
[16.868437] (booster_t1_webots_test) StdoutLine: {'line': b'Installing webots_state_publisher script to /workspace/project/.docker/ros2_install/booster_t1_webots_test/lib/booster_t1_webots_test\n'}
[16.869517] (booster_t1_webots_test) StdoutLine: {'line': b'\n'}
[16.870104] (booster_t1_webots_test) StdoutLine: {'line': b'Installed /workspace/project/.docker/ros2_build/booster_t1_webots_test\n'}
[16.870606] (booster_t1_webots_test) StdoutLine: {'line': b'running symlink_data\n'}
[16.871040] (booster_t1_webots_test) StdoutLine: {'line': b'creating /workspace/project/.docker/ros2_install/booster_t1_webots_test/share/ament_index\n'}
[16.871421] (booster_t1_webots_test) StdoutLine: {'line': b'creating /workspace/project/.docker/ros2_install/booster_t1_webots_test/share/ament_index/resource_index\n'}
[16.871684] (booster_t1_webots_test) StdoutLine: {'line': b'creating /workspace/project/.docker/ros2_install/booster_t1_webots_test/share/ament_index/resource_index/packages\n'}
[16.872119] (booster_t1_webots_test) StdoutLine: {'line': b'symbolically linking /workspace/project/.docker/ros2_build/booster_t1_webots_test/resource/booster_t1_webots_test -> /workspace/project/.docker/ros2_install/booster_t1_webots_test/share/ament_index/resource_index/packages\n'}
[16.872530] (booster_t1_webots_test) StdoutLine: {'line': b'symbolically linking /workspace/project/.docker/ros2_build/booster_t1_webots_test/package.xml -> /workspace/project/.docker/ros2_install/booster_t1_webots_test/share/booster_t1_webots_test\n'}
[16.872833] (booster_t1_webots_test) StdoutLine: {'line': b'creating /workspace/project/.docker/ros2_install/booster_t1_webots_test/share/booster_t1_webots_test/launch\n'}
[16.873229] (booster_t1_webots_test) StdoutLine: {'line': b'symbolically linking /workspace/project/.docker/ros2_build/booster_t1_webots_test/launch/booster_t1_break_room.launch.py -> /workspace/project/.docker/ros2_install/booster_t1_webots_test/share/booster_t1_webots_test/launch\n'}
[16.873572] (booster_t1_webots_test) StdoutLine: {'line': b'creating /workspace/project/.docker/ros2_install/booster_t1_webots_test/share/booster_t1_webots_test/config\n'}
[16.874043] (booster_t1_webots_test) StdoutLine: {'line': b'symbolically linking /workspace/project/.docker/ros2_build/booster_t1_webots_test/config/topics.yaml -> /workspace/project/.docker/ros2_install/booster_t1_webots_test/share/booster_t1_webots_test/config\n'}
[16.890232] (booster_t1_webots_test) CommandEnded: {'returncode': 0}
[16.905825] (booster_t1_webots_test) JobEnded: {'identifier': 'booster_t1_webots_test', 'rc': 0}
[16.906982] (-) EventReactorShutdown: {}
